SWSN_ID,SWSN_Site,CSN_macro_group,Mean_Rooms,Size_Class,Size,GH_Count,GK_Count,Dshp_Count,Biwall_Count,Triwall_Count,PubArch,EASTING,NORTHING,long,lat
3371,34-plex Complex,San Juan Foothills,4,1,Small,0,1,0,0,0,1,723220,4127544,-108.48,37.26
3004,5 Acre Ruin,Southeast Utah,100,2,Small,1,2,0,0,0,3,643837,4156903,-109.37,37.54
3005,Albert Porter,San Juan Foothills,80,2,Small,1,1,0,0,0,2,694215,4151766,-108.8,37.49
3006,Allentown,Rio Puerco of the West,110,2,Small,1,1,0,0,0,2,669570,3903409,-109.13,35.26
3007,Andrews,Lobo Mesa/Red Mesa Valley,22,1,Small,1,1,0,0,0,2,771652,3921810,-108,35.4
3353,Andrews Great Kiva NM,Lobo Mesa/Red Mesa Valley,2,1,Small,0,1,0,0,0,1,772070,3921210,-108,35.39
3009,Ansell Hall,San Juan Foothills,200,2,Small,1,1,0,0,0,2,686737,4167652,-108.88,37.63
1373,Antelope House,Upper Chinle Drainage,100,2,Small,1,0,0,0,0,1,639851,4002395,-109.44,36.15
665,Aragon,,,,,0,1,0,0,0,1,726518,3751658,-108.55,33.88
3017,Arch Canyon,Southeast Utah,50,1,Small,1,1,0,0,0,2,617343,4156353,-109.67,37.54
1967,Atsee Nitsaa,Rio Puerco of the West,50,1,Small,1,1,0,0,0,2,684727,3918160,-108.96,35.39
3020,AZ P:11:124 (ASU),Silver Creek,45,1,Small,0,1,0,0,0,1,585200,3809300,-110.07,34.42
3021,AZ P:11:130 (ASU),Silver Creek,50,1,Small,0,1,0,0,0,1,581000,3807500,-110.11,34.4
3022,AZ P:11:55 (ASU),Silver Creek,15,1,Small,0,1,0,0,0,1,565977,3796340,-110.28,34.3
3023,AZ P:11:57 (ASU),Silver Creek,40,1,Small,0,1,0,0,0,1,566858,3799360,-110.27,34.33
3024,AZ P:12:105 (ASU),Silver Creek,30,1,Small,0,1,0,0,0,1,577836,3815000,-110.15,34.47
3026,AZ P:12:404 (ASM),Silver Creek,,,,0,1,0,0,0,1,576895,3814555,-110.16,34.47
3027,AZ P:12:76 (ASU),Silver Creek,30,1,Small,0,1,0,0,0,1,577036,3814100,-110.16,34.46
3028,AZ P:12:99 (ASU),Silver Creek,65,1,Small,0,1,0,0,0,1,576186,3814500,-110.17,34.47
3030,AZ P:16:160 (ASM),Silver Creek,12,1,Small,0,1,0,0,0,1,579747,3787859,-110.13,34.23
3033,AZ Q:3:64 (ASM),Hardscrabble/ULC,,,,0,1,0,0,0,1,647186,3849200,-109.39,34.77
3350,AZ-P-52-8-NN,Rio Puerco of the West,8,1,Small,1,0,0,0,0,1,634760,3889090,-109.52,35.13
708,Aztec,Middle San Juan,750,4,Big,3,3,0,2,3,4+,767672,4080788,-107.99,36.83
3399,Aztec North,Middle San Juan,15,1,Small,1,2,0,0,0,3,767472,4081316,-108,36.84
3035,Bad Dog Ridge,Defiance Plateau,15,1,Small,1,1,0,0,0,2,635497,3925270,-109.5,35.46
3039,Bancos Village,Middle San Juan,17,1,Small,0,1,0,0,0,1,816369,4091573,-107.44,36.91
3360,Bass Complex,San Juan Foothills,180,2,Small,1,0,0,0,0,1,692085,4150790,-108.82,37.48
3419,Battleship Rock Pueblo,San Juan Foothills,11,1,Small,0,1,0,0,0,1,,,,
1239,Bean Patch,Hardscrabble/ULC,58,1,Small,1,0,0,0,0,1,670510,3835209,-109.14,34.64
3040,Bee Burrow,Central San Juan Basin,11,1,Small,1,0,0,0,0,1,768470,3970684,-108.02,35.84
3044,Bis'saani East,Central San Juan Basin,25,1,Small,1,1,0,0,0,2,789164,3998430,-107.78,36.08
3045,Bis'saani West,Central San Juan Basin,12,1,Small,1,1,0,0,0,2,789016,3998431,-107.79,36.08
3046,Black Creek Flat,Chuska Slope,24,1,Small,1,0,0,0,0,1,699137,3956300,-108.79,35.73
3047,Black Mesa Ruin,Southeast Utah,,,,1,0,0,0,0,1,626039,4154422,-109.57,37.53
3048,Blackrock Gaddy,Defiance Plateau,30,1,Small,1,0,0,0,0,1,634857,3917200,-109.51,35.39
3049,Blue J,Lobo Mesa/Red Mesa Valley,4,1,Small,1,0,0,0,0,1,769045,3925650,-108.03,35.43
3051,Bluewater Spring,Lobo Mesa/San Juan Basin,30,1,Small,1,1,0,0,0,2,766035,3946679,-108.06,35.62
3053,Bluff Bench Great Kiva,Southeast Utah,,,,0,1,0,0,0,1,627708,4136405,-109.55,37.36
3052,Bluff Great House,Southeast Utah,50,1,Small,1,1,0,0,0,2,627928,4127728,-109.55,37.28
3428,Bowman Site East,Chuska Slope,6,1,Small,1,0,0,0,0,1,699257,3952400,-108.79,35.69
1531,Burnt Corn GH,Black Mesa,50,1,Small,1,0,0,0,0,1,578087,3994960,-110.13,36.09
3404,Canal Creek Great Kiva,Middle San Juan,4,1,Small,0,1,0,0,0,1,689737,4085601,-108.87,36.89
3056,Carhart Ruin,San Juan Foothills,,,,1,1,0,0,0,2,670003,4174248,-109.07,37.7
3057,Carol's Ruin,San Juan Foothills,,,,0,1,0,0,0,1,683417,4152900,-108.92,37.5
1244,Carter Ranch Pueblo,Silver Creek,45,1,Small,0,1,0,0,0,1,598996,3819199,-109.92,34.51
3059,Casa Abajo,Central San Juan Basin,9,1,Small,1,0,0,0,0,1,746210,3985352,-108.26,35.98
3061,Casa Cielo,Central San Juan Basin,12,1,Small,1,0,0,0,0,1,746729,3985386,-108.26,35.98
3062,Casa del Rio,Central San Juan Basin,130,2,Small,1,0,0,0,0,1,762315,3998132,-108.08,36.09
3063,Casa Escondida,Central San Juan Basin,7,1,Small,1,1,0,0,0,2,758690,3983927,-108.13,35.96
3064,Casa Estrella,Lobo Mesa/San Juan Basin,8,1,Small,1,0,0,0,0,1,748726,3956706,-108.25,35.72
2997,Casa Mosca,Acoma,72,2,Small,1,1,0,0,0,2,780508,3849758,-107.93,34.75
3065,Casa Negra,San Juan Foothills,60,1,Small,1,1,0,0,0,2,697737,4141302,-108.76,37.39
3066,Casa Patricio,Central San Juan Basin,,,,0,1,0,0,0,1,771643,3981907,-107.98,35.94
3067,Casa Rinconada,Chaco Canyon,,,,0,1,0,0,0,1,773842,3994276,-107.96,36.05
3068,Casamero,Lobo Mesa/Red Mesa Valley,30,1,Small,1,1,0,0,0,2,767495,3924294,-108.05,35.42
1618,Castle Rock Pueblo,San Juan Foothills,70,2,Small,0,0,1,0,0,1,693394,4135134,-108.81,37.34
3351,Cerritos de Jaspe GK,Acoma,7,1,Small,0,1,0,0,0,1,773267,3870400,-108,34.94
3069,Cerro Pomo,Mariana Mesa/Quemado,40,1,Small,1,1,0,0,0,2,710317,3803250,-108.71,34.35
1942,Cerro Prieto--Quemado,Mariana Mesa/Quemado,175,2,Small,1,0,0,0,0,1,718457,3829700,-108.61,34.58
3070,Chaco East,Central San Juan Basin,25,1,Small,1,0,0,0,0,1,792606,3987319,-107.75,35.98
3071,Chacra Mesa Great Kiva,Chaco Canyon,,,,0,1,0,0,0,1,783798,3989759,-107.85,36.01
3072,Chambers Great House,Rio Puerco of the West,40,1,Small,1,1,0,0,0,2,640188,3896527,-109.46,35.2
3073,Chetro Ketl,Chaco Canyon,490,3,Big,1,1,0,0,0,2,774337,3994918,-107.95,36.06
3074,Chimney Rock,San Juan Foothills,55,1,Small,1,1,0,0,0,2,827880,4122533,-107.3,37.19
3075,Church Rock,Rio Puerco of the West,20,1,Small,1,1,0,0,0,2,722110,3942383,-108.54,35.6
3076,Cline Point,Silver Creek,25,1,Small,0,1,0,0,0,1,557950,3797900,-110.37,34.32
3078,Coalbed Village,Southeast Utah,125,2,Small,1,1,0,0,0,2,655116,4163340,-109.24,37.6
3081,Coolidge,Rio Puerco of the West,29,1,Small,2,3,0,0,0,4+,741024,3930627,-108.34,35.49
994,Cornfields,Defiance Plateau,275,3,Big,1,0,0,0,0,1,621574,3947743,-109.65,35.66
3083,Cothruns,Silver Creek,6,1,Small,0,1,0,0,0,1,573039,3799453,-110.2,34.33
3084,Cottonwood Falls,Southeast Utah,85,2,Small,1,1,0,0,0,2,624345,4159908,-109.59,37.57
1988,Cox Ranch,Mariana Mesa/Quemado,50,1,Small,1,1,0,0,0,2,702990,3807002,-108.79,34.38
3086,Coyotes Sing Here,Lobo Mesa/Red Mesa Valley,17,1,Small,1,1,0,0,0,2,766181,3930716,-108.06,35.48
754,Crumbled House,Chuska Slope,,,,1,0,0,0,0,1,699564,4010757,-108.78,36.22
3087,CS219,Silver Creek,,,,0,1,0,0,0,1,578953,3787497,-110.14,34.22
3088,CS689,West,,,,0,1,0,0,0,1,508270,3829970,-110.91,34.61
3089,Cuatro Payasos,Central San Juan Basin,14,1,Small,1,0,0,0,0,1,736405,4006419,-108.37,36.17
3090,Dalton Pass,Lobo Mesa/San Juan Basin,20,1,Small,1,1,0,0,0,2,744858,3955547,-108.29,35.71
2602,Dancing Rock GH,Upper Chinle Drainage,9,1,Small,1,0,0,0,0,1,625938,4062202,-109.59,36.69
3091,Danson 202,Mariana Mesa/Quemado,50,1,Small,1,0,0,0,0,1,726946,3798468,-108.53,34.3
3093,Deer Springs,Chuska Slope,7,1,Small,1,0,0,0,0,1,698987,3957570,-108.8,35.74
2999,Dittert Ranch,Acoma,40,1,Small,1,0,0,0,0,1,777477,3839435,-107.97,34.66
3429,Dye Wash,Chuska Slope,,,,1,0,0,0,0,1,710887,3960549,-108.66,35.76
3096,Dzil Nda Kai,Central San Juan Basin,8,1,Small,1,0,0,0,0,1,718484,3969352,-108.58,35.84
977,Eagle Crag,Defiance Plateau,100,2,Small,1,0,0,0,0,1,606275,3964325,-109.82,35.81
3097,Edge of the Cedars,Southeast Utah,16,1,Small,1,1,0,0,0,2,633187,4165966,-109.49,37.63
3098,El Malpais,Middle San Juan,20,1,Small,1,2,0,0,0,3,697307,4082971,-108.78,36.87
3099,El Rito,Lobo Mesa/Red Mesa Valley,55,1,Small,1,1,0,0,0,2,800557,3912534,-107.69,35.31
3334,Escalante GH,San Juan Foothills,25,1,Small,1,0,0,0,0,1,717017,4150696,-108.54,37.47
3101,Escalon A,Central San Juan Basin,6,1,Small,2,2,0,0,0,4+,736326,4001633,-108.37,36.13
3102,Escalon B,Central San Juan Basin,14,1,Small,0,0,0,0,0,1,736326,4001633,-108.37,36.13
3103,Et Al Site,Southeast Utah,25,1,Small,1,1,0,0,0,2,593040,4140990,-109.94,37.41
3104,Fajada Gap Great Kiva,Chaco Canyon,,,,0,1,0,0,0,1,777033,3991275,-107.92,36.02
3396,Farmer Complex,Middle San Juan,40,1,Small,1,0,0,0,0,1,768292,4082353,-107.99,36.85
1307,Fenced Up Horse Canyon,Rio Puerco of the West,153,2,Small,1,1,0,0,0,2,716699,3930057,-108.61,35.49
3106,Figueredo,Chuska Slope,20,1,Small,1,1,0,0,0,2,701834,3960773,-108.76,35.77
730,Flora Vista,Middle San Juan,150,2,Small,0,1,0,0,0,1,759969,4075422,-108.08,36.79
3107,Fort Defiance--Thunder Ridge,Chuska Slope,,,,1,2,0,0,0,3,679077,3955000,-109.02,35.72
734,Fort Wingate,Rio Puerco of the West,100,2,Small,1,1,0,0,0,2,732688,3932280,-108.43,35.5
2982,FSOP02 Great Kiva,Cibola,50,1,Small,0,1,0,0,0,1,723705,3865828,-108.55,34.91
3109,Ganado,Defiance Plateau,16,1,Small,1,1,0,0,0,2,628904,3952450,-109.57,35.7
1240,Garcia Ranch,Hardscrabble/ULC,150,2,Small,1,1,0,0,0,2,674487,3824434,-109.09,34.54
3111,Garcia Ranch Bench,Hardscrabble/ULC,36,1,Small,0,1,0,0,0,1,673720,3822180,-109.1,34.52
3401,Gillentine Site,Middle San Juan,,,,0,2,0,0,0,2,764789,4076817,-108.03,36.8
1099,Goesling,Hardscrabble/ULC,200,2,Small,1,1,0,0,0,2,683680,3809690,-109,34.41
3114,Goodman Point,San Juan Foothills,500,3,Big,1,1,0,0,0,2,700737,4142802,-108.73,37.41
3344,Gravel Pit Ruin,Southeast Utah,20,1,Small,0,1,0,0,0,1,637900,4141575,-109.44,37.41
3116,Greasewood Flat,Southeast Utah,,,,1,1,0,0,0,2,654000,4133000,-109.26,37.33
3117,Greasy Hill,Central San Juan Basin,6,1,Small,1,0,0,0,0,1,776782,3998886,-107.92,36.09
3118,Great Bend House A,Central San Juan Basin,23,1,Small,1,0,0,0,0,1,726800,4004960,-108.47,36.16
3119,Great Bend House B,Central San Juan Basin,12,1,Small,1,0,0,0,0,1,726858,4004978,-108.47,36.16
3120,Great Bend West,Central San Juan Basin,20,1,Small,1,0,0,0,0,1,721236,4006790,-108.54,36.18
3123,Greenlee,Central San Juan Basin,18,1,Small,1,0,0,0,0,1,777548,3982884,-107.92,35.95
3124,Grey Hill Spring,Central San Juan Basin,21,1,Small,1,0,0,0,0,1,723714,3989388,-108.51,36.02
3125,Grey Ridge,Chuska Slope,,,,1,0,0,0,0,1,711357,3961800,-108.66,35.77
3126,Guadalupe,Puerco River East,74,2,Small,1,1,0,0,0,2,851300,3937415,-107.12,35.52
3127,H Spear,Cibola,14,1,Small,1,1,0,0,0,2,683750,3850341,-108.99,34.78
3128,Halfway House,Central San Juan Basin,12,1,Small,1,0,0,0,0,1,774460,4031383,-107.94,36.39
3129,Hammond Canyon,Southeast Utah,,,,1,0,0,0,0,1,614595,4174521,-109.7,37.71
3130,Hampton,San Juan Foothills,,,,0,1,0,0,0,1,677380,4163128,-108.99,37.59
3131,Hartman Draw,San Juan Foothills,,,,1,1,0,0,0,2,713874,4144403,-108.58,37.42
3133,Haynie Ruin,San Juan Foothills,50,1,Small,1,1,0,0,0,2,720956,4139877,-108.5,37.38
3134,Haystack,Lobo Mesa/Red Mesa Valley,28,1,Small,1,1,0,0,0,2,783132,3915618,-107.88,35.34
3366,Haystack Great Kiva 2,Lobo Mesa/Red Mesa Valley,16,1,Small,0,1,0,0,0,1,782318,3915356,-107.89,35.34
3135,Hedley Ruin,San Juan Foothills,,,,2,1,1,0,0,4+,670387,4165703,-109.06,37.62
964,Hinkson Ranch,Cibola,16,1,Small,1,1,0,0,0,2,682727,3852700,-109,34.8
3136,Hogback,Middle San Juan,9,1,Small,1,2,0,0,0,3,720541,4059341,-108.53,36.65
728,Holmes Group,Middle San Juan,70,2,Small,2,4,0,1,1,4+,751443,4090298,-108.17,36.92
3138,Houck,Rio Puerco of the West,8,1,Small,1,0,0,0,0,1,662337,3905260,-109.21,35.27
3139,Hough's Great Kiva,Silver Creek,20,1,Small,0,1,0,0,0,1,576218,3789840,-110.17,34.24
3140,House Creek,San Juan Foothills,,,,0,1,0,0,0,1,718281,4155806,-108.53,37.52
3141,House of the Giant Midden,Central San Juan Basin,,,,0,0,0,0,0,1,738048,3999158,-108.35,36.1
3355,HST Great Kiva,Southeast Utah,5,1,Small,0,1,0,0,0,1,592550,4143384,-109.95,37.43
1103,Hubble Corner,Mariana Mesa/Quemado,130,2,Small,1,1,0,0,0,2,736597,3818100,-108.42,34.47
3144,Hurley Site,Lobo Mesa/San Juan Basin,25,1,Small,1,1,0,0,0,2,754037,3954780,-108.19,35.7
3145,Ida Jean,San Juan Foothills,50,1,Small,1,1,0,0,0,2,720072,4139889,-108.51,37.38
3146,Iyanbito Great Kiva,Rio Puerco of the West,,,,0,1,0,0,0,1,731750,3931600,-108.44,35.5
733,Jaquez,Middle San Juan,200,2,Small,1,2,0,0,0,3,757570,4064586,-108.11,36.69
3147,Kearn's Site,San Juan Foothills,,,,0,1,0,0,0,1,681152,4149571,-108.95,37.47
903,Kello Blancett,Middle San Juan,200,2,Small,1,1,0,0,0,2,763879,4077000,-108.04,36.8
3149,Kin Bineola,Central San Juan Basin,197,2,Small,1,2,0,0,0,3,757709,3988096,-108.14,36
3363,Kin Bineola Great Kiva 2,Central San Juan Basin,7,1,Small,0,1,0,0,0,1,758258,3984400,-108.13,35.97
3150,Kin Cheops I,Mariana Mesa/Quemado,7,1,Small,1,1,0,0,0,2,735745,3827343,-108.43,34.56
971,Kin Cheops II,Mariana Mesa/Quemado,25,1,Small,1,1,0,0,0,2,735283,3827570,-108.43,34.56
3152,Kin Hochoi,Rio Puerco of the West,40,1,Small,1,2,0,0,0,3,682796,3921328,-108.98,35.42
3153,Kin Indian Ruin,Central San Juan Basin,40,1,Small,1,0,0,0,0,1,774564,4001204,-107.95,36.11
3154,Kin Kletso,Chaco Canyon,6,1,Small,1,0,0,0,0,1,772905,3995422,-107.97,36.06
3155,Kin Klizhin,Central San Juan Basin,18,1,Small,1,0,0,0,0,1,763743,3991110,-108.07,36.03
3156,Kin Nahasbas,Chaco Canyon,16,1,Small,1,1,0,0,0,2,778096,3992381,-107.91,36.03
3157,Kin Sani,Lobo Mesa/Red Mesa Valley,12,1,Small,1,4,0,0,0,4+,765935,3932774,-108.06,35.5
3158,Kin Tliish,Lobo Mesa/Red Mesa Valley,12,1,Small,1,4,0,0,0,4+,780937,3916805,-107.9,35.35
3160,Kin Ya'a,Lobo Mesa/San Juan Basin,44,1,Small,1,1,0,0,0,2,761222,3951855,-108.11,35.67
989,Kinlichee,Defiance Plateau,150,2,Small,1,2,0,0,0,3,642857,3957960,-109.42,35.75
3164,LA 100280,Rio Puerco of the West,,,,0,1,0,0,0,1,729887,3931930,-108.46,35.5
3000,LA 102391,Acoma,10,1,Small,0,1,0,0,0,1,777465,3840703,-107.97,34.67
3347,LA 103458,Chuska Slope,12,1,Small,0,1,0,0,0,1,701497,3963000,-108.77,35.79
3165,LA 115436,Cibola,20,1,Small,0,1,0,0,0,1,703127,3867310,-108.77,34.92
3001,LA 11670,Acoma,14,1,Small,1,1,0,0,0,2,780293,3850343,-107.93,34.75
3166,LA 12573 A,Lobo Mesa/Red Mesa Valley,20,1,Small,1,1,0,0,0,2,782318,3915356,-107.89,35.34
3167,LA 126820,Central San Juan Basin,,,,0,1,0,0,0,1,775508,3981124,-107.94,35.93
3168,LA 126862,Central San Juan Basin,7,1,Small,0,1,0,0,0,1,775306,3977985,-107.95,35.9
3169,LA 17226,Lobo Mesa/San Juan Basin,22,1,Small,1,1,0,0,0,2,754403,3955235,-108.18,35.71
3171,LA 2520,Middle San Juan,60,1,Small,1,0,0,0,0,1,739473,4083148,-108.31,36.86
3336,LA 40082,Central San Juan Basin,16,1,Small,1,0,0,0,0,1,775547,3981055,-107.94,35.93
3183,LA 47526,Rio Puerco of the West,3,1,Small,0,1,0,0,0,1,682737,3915500,-108.98,35.36
3188,LA 60002,Middle San Juan,,,,0,2,0,0,0,2,766895,4080672,-108,36.83
3189,LA 60006,Middle San Juan,,,,0,1,0,0,0,1,767119,4080877,-108,36.83
3191,LA 60022,Middle San Juan,9,1,Small,0,3,0,0,0,3,767807,4081539,-107.99,36.84
3194,LA 67158,Lobo Mesa/Red Mesa Valley,,,,0,1,0,0,0,1,767577,3924370,-108.05,35.42
3199,LA 7603,Chuska Slope,,,,0,1,0,0,0,1,698839,4030874,-108.78,36.4
811,LA 8240,Chuska Slope,33,1,Small,1,0,0,0,0,1,711828,3991287,-108.64,36.04
3200,LA 8244,Chuska Slope,50,1,Small,0,1,0,0,0,1,684854,4052621,-108.93,36.6
3201,LA 82742,Cibola,3,1,Small,0,1,0,0,0,1,714497,3887960,-108.64,35.11
3202,LA 8620,Middle San Juan,85,2,Small,1,0,0,0,0,1,732425,4067738,-108.39,36.72
3349,LA 89443,Central San Juan Basin,,,,0,1,0,0,0,1,736326,4001633,-108.37,36.13
3203,LA 98500,Middle San Juan,,,,0,1,0,0,0,1,769665,4097122,-107.97,36.98
3204,Lake Valley,Central San Juan Basin,26,1,Small,1,0,0,0,0,1,754762,3999716,-108.17,36.11
3207,Lancaster,San Juan Foothills,,,,1,1,0,0,0,2,689200,4163620,-108.85,37.6
1989,Largo Gap,Mariana Mesa/Quemado,50,1,Small,1,1,0,0,0,2,720901,3808695,-108.59,34.39
3002,Las Ventanas,Acoma,89,2,Small,1,1,0,0,0,2,790393,3874766,-107.81,34.97
745,Lizard House--Cebolleta Mesa,Acoma,66,1,Small,0,1,0,0,0,1,780163,3850345,-107.93,34.75
3208,Loma Enebro,Middle San Juan,,,,0,1,0,0,0,1,772467,4096847,-107.93,36.98
3209,Longacre 15,Hardscrabble/ULC,12,1,Small,0,1,0,0,0,1,652621,3815165,-109.33,34.46
1314,Los Gigantes,Cibola,120,2,Small,1,1,0,0,0,2,736737,3887260,-108.4,35.1
3210,Los Veteados Great Kiva,Acoma,8,1,Small,0,1,0,0,0,1,778179,3839778,-107.96,34.66
3211,Lower Cow Canyon,San Juan Foothills,,,,0,1,0,0,0,1,681004,4158918,-108.95,37.56
3212,Lower Greenlee,Central San Juan Basin,,,,1,0,0,0,0,1,777926,3982731,-107.91,35.95
3213,Lower Kin Nizhoni,Lobo Mesa/Red Mesa Valley,3,1,Small,1,0,0,0,0,1,792664,3918753,-107.77,35.37
3214,Lowry,San Juan Foothills,40,1,Small,1,1,0,0,0,2,683644,4161767,-108.92,37.58
1368,Lukachukai GH,Upper Chinle Drainage,30,1,Small,1,0,0,0,0,1,652757,4034681,-109.29,36.44
3215,LZ 1090 Group,Cibola,,,,0,2,0,0,0,2,683650,3849800,-108.99,34.77
3217,Mancos Canyon,San Juan Foothills,,,,0,1,0,0,0,1,702657,4157924,-108.7,37.54
3218,Martin Site 1,San Juan Foothills,,,,0,1,0,0,0,1,688937,4166202,-108.85,37.62
3219,May Canyon,San Juan Foothills,,,,0,1,0,0,0,1,718220,4153811,-108.53,37.5
3221,McCreery,Rio Puerco of the West,5,1,Small,1,1,0,0,0,2,610559,3875051,-109.78,35.01
3222,McPhee Pueblo,San Juan Foothills,,,,0,0,0,0,0,1,716441,4154952,-108.55,37.51
3224,Mesa Tierra,Central San Juan Basin,35,1,Small,1,0,0,0,0,1,762226,3996341,-108.08,36.07
3225,Millard,San Juan Foothills,,,,0,1,0,0,0,1,704667,4139392,-108.68,37.38
3226,Mineral Creek,Hardscrabble/ULC,10,1,Small,0,1,0,0,0,1,624447,3804298,-109.64,34.37
3227,Mitchell Springs,San Juan Foothills,45,1,Small,2,2,1,0,0,4+,713107,4133642,-108.59,37.32
3228,Mitten Rock,Chuska Slope,16,1,Small,1,1,0,0,0,2,685007,4052731,-108.93,36.6
3232,Montezuma Village North,Southeast Utah,,,,0,1,0,0,0,1,652637,4174303,-109.26,37.7
3233,Montezuma Village South,Southeast Utah,80,2,Small,1,0,0,0,0,1,652967,4173703,-109.26,37.69
3234,Morefield,San Juan Foothills,,,,1,2,0,0,0,3,729438,4124647,-108.41,37.24
727,Morris 39,Middle San Juan,145,2,Small,2,5,0,0,0,4+,747943,4082548,-108.21,36.85
1935,Morris 41,Middle San Juan,24,1,Small,1,2,0,0,0,3,750051,4096618,-108.19,36.98
906,Morris' Old Fort,Middle San Juan,75,2,Small,1,1,0,0,0,2,748558,4066051,-108.21,36.7
3240,Muddy Water,Lobo Mesa/San Juan Basin,24,1,Small,1,1,0,0,0,2,754411,3955359,-108.18,35.71
3367,NA 8013,Defiance Plateau,14,1,Small,0,1,0,0,0,1,642857,3957960,-109.42,35.75
3368,NA 8014,Defiance Plateau,8,1,Small,0,1,0,0,0,1,642857,3957960,-109.42,35.75
3345,NA 8044,Rio Puerco of the West,,,,0,0,0,0,0,1,,,,
3241,NA 8800,Black Mesa,,,,0,1,0,0,0,1,582737,4043979,-110.07,36.53
3248,Navajo Springs,Rio Puerco of the West,60,1,Small,1,1,0,0,0,2,638716,3890700,-109.47,35.15
3249,Navajo Territorial Gov't Complex,Rio Puerco of the West,,,,0,1,0,0,0,1,637050,3885100,-109.49,35.1
735,Newcomb Community,Chuska Slope,,,,1,1,0,0,0,2,705338,4017513,-108.71,36.28
3251,North Lowry,San Juan Foothills,65,1,Small,1,1,0,0,0,2,683857,4161902,-108.91,37.58
3252,Oak Wash--Zuni,Cibola,20,1,Small,1,0,0,0,0,1,697837,3885500,-108.83,35.09
3253,Owen Site,Southeast Utah,20,1,Small,1,1,0,0,0,2,593650,4155402,-109.94,37.54
3254,Padilla Well,Central San Juan Basin,20,1,Small,1,1,0,0,0,2,767776,3994352,-108.02,36.05
3255,Parker Site,Southeast Utah,50,1,Small,1,0,0,0,0,1,636847,4154778,-109.45,37.53
3256,Peach Springs,Central San Juan Basin,30,1,Small,1,1,0,0,0,2,723048,3964082,-108.53,35.79
3257,Penasco Blanco,Central San Juan Basin,200,2,Small,1,1,0,0,0,2,769845,3997176,-108,36.08
3258,Pierre's El Faro,Central San Juan Basin,15,1,Small,1,0,0,0,0,1,774248,4015349,-107.94,36.24
3259,Pierre's House A,Central San Juan Basin,11,1,Small,1,0,0,0,0,1,774379,4015124,-107.94,36.24
3260,Pierre's House B/C,Central San Juan Basin,12,1,Small,1,0,0,0,0,1,774389,4015176,-107.94,36.24
2542,Plaza Site,West,6,1,Small,0,1,0,0,0,1,556551,3902471,-110.37,35.26
3261,Point Pueblo,Middle San Juan,,,,1,0,0,0,0,1,752575,4066420,-108.17,36.71
3369,Prater Village,San Juan Foothills,225,2,Small,1,2,0,0,0,3,728128,4124424,-108.42,37.24
3262,Pueblo Alto,Chaco Canyon,80,2,Small,1,0,0,0,0,1,773975,3995998,-107.95,36.07
3263,Pueblo Bonito,Chaco Canyon,700,4,Big,1,3,0,0,0,4+,773657,3994943,-107.96,36.06
3264,Pueblo Cerrito,Acoma,23,1,Small,1,0,0,0,0,1,780279,3850118,-107.93,34.75
3265,Pueblo de los Golondrinas,San Juan Foothills,41,1,Small,0,0,0,0,0,1,716597,4155212,-108.54,37.52
3266,Pueblo del Arroyo,Chaco Canyon,275,3,Big,1,0,0,0,1,2,773303,3994972,-107.96,36.06
720,Pueblo Pintado,Central San Juan Basin,90,2,Small,1,1,0,0,0,2,799927,3986515,-107.67,35.97
3267,Ram Mesa,Rio Puerco of the West,14,1,Small,1,1,0,0,0,2,722837,3944700,-108.54,35.62
3270,Red Knobs,Southeast Utah,90,2,Small,1,1,0,0,0,2,620117,4168453,-109.63,37.65
3272,Red Pottery Mound,San Juan Foothills,,,,1,1,0,0,0,2,698147,4160332,-108.75,37.57
3273,Red Willow,Chuska Slope,10,1,Small,1,1,0,1,0,3,708390,3967384,-108.69,35.83
3275,Reservoir--Northern San Juan,San Juan Foothills,,,,1,1,1,0,0,3,717968,4149732,-108.53,37.47
3361,Rich's Ruin,San Juan Foothills,50,1,Small,0,1,0,0,0,1,692370,4147740,-108.82,37.45
1394,Ridge Ruin,Flagstaff,21,1,Small,1,0,0,0,0,1,466788,3896820,-111.36,35.21
1377,Salina Springs,Black Mesa,75,2,Small,1,0,0,0,0,1,602457,3987510,-109.86,36.02
824,Salmon,Middle San Juan,300,3,Big,1,2,0,0,0,3,765586,4065874,-108.02,36.7
3280,Sambrito Village,Middle San Juan,,,,0,1,0,0,0,1,816479,4097186,-107.44,36.96
3403,San Juan Biwall,Middle San Juan,,,,0,1,0,1,0,2,688537,4084801,-108.88,36.89
3281,San Mateo,Lobo Mesa/Red Mesa Valley,112,2,Small,1,2,0,0,0,3,804486,3916425,-107.65,35.34
3356,Sand Canyon Pueblo,San Juan Foothills,530,4,Big,0,1,1,0,0,2,696900,4141280,-108.77,37.39
3283,Sanders GH,Rio Puerco of the West,40,1,Small,1,1,0,0,0,2,651387,3895780,-109.33,35.19
3284,Sanostee,Central San Juan Basin,16,1,Small,1,2,0,0,0,3,717450,4038444,-108.57,36.46
1256,Seven Springs,Hardscrabble/ULC,175,2,Small,0,1,0,0,0,1,637459,3849669,-109.49,34.78
3359,Seven Towers,San Juan Foothills,175,2,Small,0,1,2,0,0,3,683550,4145950,-108.92,37.44
3420,Shields Pueblo,San Juan Foothills,,,,1,0,0,0,0,1,700734,4143238,-108.73,37.41
3286,Singing Shelter,San Juan Foothills,,,,0,1,0,0,0,1,718438,4156071,-108.52,37.52
3287,Skull Site,Acoma,10,1,Small,1,1,0,0,0,2,780087,3850111,-107.94,34.75
750,Skunk Springs,Chuska Slope,67.5,1,Small,1,2,0,0,0,3,701591,4012703,-108.75,36.24
2856,South Ruin,Cibola,40,1,Small,0,1,0,0,0,1,741576,3880144,-108.35,35.03
1316,Spier 81,Cibola,,,,1,1,0,0,0,2,714487,3887930,-108.64,35.11
3289,Springstead,Rio Puerco of the West,10,1,Small,0,1,0,0,0,1,721997,3940860,-108.55,35.58
3290,Squaw Springs,Middle San Juan,23,1,Small,1,2,0,0,0,3,732669,4084876,-108.38,36.88
3291,Standing Rock,Central San Juan Basin,36,1,Small,1,1,0,0,0,2,734772,3968182,-108.4,35.83
2790,Sterling ,Middle San Juan,,,,1,0,0,0,0,1,755045,4065435,-108.14,36.7
3292,Sundown,Rio Puerco of the West,8,1,Small,0,1,0,0,0,1,579373,3866399,-110.13,34.93
3294,Teec Nos Pos,Middle San Juan,28,1,Small,1,1,0,0,0,2,668497,4088502,-109.1,36.92
3296,The Twins Northeast,Chuska Slope,2,1,Small,1,1,0,0,0,2,709457,3959589,-108.68,35.75
3301,Tla Kii,Silver Creek,20,1,Small,0,1,0,0,0,1,584397,3777199,-110.08,34.13
3302,Tocito North,Chuska Slope,,,,1,0,0,0,0,1,698554,4031882,-108.78,36.41
3303,Tocito South,Chuska Slope,,,,1,0,0,0,0,1,698554,4031882,-108.78,36.41
3304,Toh La Kai,Chuska Slope,18,1,Small,1,1,0,0,0,2,703611,3947909,-108.75,35.65
1098,Tom's Rock,Mariana Mesa/Quemado,100,2,Small,1,1,0,0,0,2,745057,3817900,-108.33,34.47
3305,Toyee,Defiance Plateau,9,1,Small,1,1,0,0,0,2,603717,3956920,-109.85,35.75
3306,Tse Bee Kintsoh,Lobo Mesa/Red Mesa Valley,30,1,Small,1,4,0,0,0,4+,758301,3922670,-108.15,35.41
3308,Tse La Vie,Lobo Mesa/San Juan Basin,,,,1,0,0,0,0,1,798925,3934158,-107.7,35.5
3309,Tse Lichii,Central San Juan Basin,12,1,Small,1,0,0,0,0,1,788069,3984164,-107.8,35.96
3310,Tseyatoh,Rio Puerco of the West,60,1,Small,1,1,0,0,0,2,687723,3932071,-108.93,35.51
3311,Tsin Kletzin,Chaco Canyon,80,2,Small,1,0,0,0,0,1,774103,3992272,-107.95,36.03
2512,Tsintaa Yitilii,Defiance Plateau,,,,1,0,0,0,0,1,610637,3964964,-109.77,35.82
743,Twin Angels,Central San Juan Basin,19,1,Small,1,0,0,0,0,1,773305,4052620,-107.94,36.58
3313,Twin Lakes,Chuska Slope,,,,1,1,0,0,0,2,700509,3955598,-108.78,35.72
1946,Twin Towers,Middle San Juan,50,1,Small,0,0,0,0,0,1,681637,4085968,-108.96,36.9
3315,Una Vida,Chaco Canyon,100,2,Small,1,2,0,0,0,3,778246,3992102,-107.91,36.03
3387,Upper Battleship Rock Pueblo,San Juan Foothills,,,,1,0,0,0,0,1,723625,4124789,-108.47,37.24
3316,Upper Kin Klizhin,Central San Juan Basin,25,1,Small,1,0,0,0,0,1,771898,3983217,-107.98,35.95
3317,Upper Kin Nizhoni,Lobo Mesa/Red Mesa Valley,14,1,Small,1,1,0,0,0,2,792214,3918715,-107.78,35.37
3319,Vidal Canyon,Rio Puerco of the West,35,1,Small,0,1,0,0,0,1,707488,3936822,-108.71,35.55
1288,Village of the Great Kivas,Cibola,60,1,Small,1,2,0,0,0,3,709707,3897370,-108.69,35.19
3320,Wallace Ruin,San Juan Foothills,124,2,Small,1,0,0,0,0,1,721562,4139552,-108.49,37.37
3321,Wancura-Johnson GK,San Juan Foothills,,,,0,1,0,0,0,1,684131,4180283,-108.91,37.75
3326,Whirlwind House,Central San Juan Basin,12,1,Small,1,1,0,0,0,2,726516,3992123,-108.48,36.04
1376,White House,Upper Chinle Drainage,94,2,Small,1,0,0,0,0,1,637717,3999840,-109.47,36.13
3370,Whites Canyon Pueblo,San Juan Foothills,150,2,Small,0,1,0,0,0,1,733044,4124339,-108.37,37.23
3327,Whitewater,Rio Puerco of the West,,,,0,1,0,0,0,1,669640,3903300,-109.13,35.26
3329,Willow Canyon--San Juan Basin,Central San Juan Basin,18,1,Small,0,0,0,0,0,1,732330,4002859,-108.41,36.14
3330,Wolye Adin,Rio Puerco of the West,,,,1,0,0,0,0,1,682997,3920530,-108.98,35.41
3358,Woods Canyon Pueblo,San Juan Foothills,110,2,Small,0,0,1,0,0,1,693370,4149800,-108.81,37.47
1365,Wupatki,Flagstaff,102,2,Small,1,1,0,0,0,2,466195,3930915,-111.37,35.52
3332,Yellow Jacket,San Juan Foothills,,,,1,1,0,1,0,3,702703,4154395,-108.7,37.51
3333,Yucca House,San Juan Foothills,20,1,Small,1,2,0,1,0,4+,705180,4125177,-108.68,37.25
