,OBJECTID,SWSN_Type,SWSN_Ware,Dogozshi,Include,Decoration,Red_slipped,Corrugated,Start_Date,End_Date,Chronology,Chronology2,Plus,References_,Comments,Smudged
3,1689,"Acoma Glaze Ware, Undifferentiated",Acoma Glaze Ware,0,1,polychrome,0,0,1300,1700,1,1,0,,,0
21,1685,Alpha Glaze,Acoma Glaze Ware,0,1,polychrome,0,0,1300,1450,1,1,0,,,0
56,1686,Beta Glaze,Acoma Glaze Ware,0,1,polychrome,0,0,1400,1470,1,1,0,,,0
246,1688,Delta Glaze,Acoma Glaze Ware,0,1,polychrome,0,0,1560,1700,1,1,0,,,0
306,1687,Gamma Glaze,Acoma Glaze Ware,0,1,polychrome,0,0,1450,1525,1,1,0,,,0
4,1690,"Acoma Matte Paint, Undifferentiated",Acoma Matte Paint,0,1,undifferentiated dec,0,0,1700,1900,1,1,0,,,0
5,3,Acoma Polychrome,Acoma Matte Paint,0,1,polychrome,0,0,1890,1900,1,1,1,Harlow 1973,,NA
6,4,Acomita Polychrome,Acoma Matte Paint,0,1,polychrome,0,0,1750,1850,1,1,0,Dittert and Plog 1980,,NA
9,6,Ako Polychrome,Acoma Matte Paint,0,1,polychrome,0,0,1700,1750,1,1,0,Dittert and Plog 1980,,NA
535,157,McCartys Polychrome,Acoma Matte Paint,0,1,polychrome,0,0,1850,1875,1,1,0,Dittert and Plog 1980,,NA
984,519,Sunset White-on-Red,Alameda Brown Ware,0,1,bichrome,0,0,1065,1200,1,1,0,Colton 1958,,NA
1073,294,Turkey Hill White-on-red,Alameda Brown Ware,0,1,bichrome,1,0,1100,1200,1,1,0,Colton 1958; Downum 1988,,NA
1105,524,Tuzigoot Red-on-black,Alameda Brown Ware,0,1,bichrome,0,0,1300,1425,1,1,0,Colton and Hargrave 1937,,NA
1106,520,Tuzigoot White-on-Red,Alameda Brown Ware,0,1,bichrome,1,0,1300,1425,1,1,0,Colton 1958,,NA
43,15,Babacomari Bichrome,Babacomari Series,0,1,bichrome,0,0,700,1300,1,1,0,Jones 1996:52,,NA
44,16,Babacomari Polychrome,Babacomari Series,0,1,polychrome,0,0,1250,1450,1,1,0,Di Peso 1951,,NA
23,1203,Anchondo Red-on-brown,Chihuahuan Brown Ware,0,1,bichrome,0,0,600,1200,1,0,0,,,0
482,1208,Leal Red-on-brown,Chihuahuan Brown Ware,0,1,bichrome,0,0,600,1200,1,0,NA,,,0
526,1205,Mata polychrome,Chihuahuan Brown Ware,0,1,polychrome,0,0,NA,NA,0,0,NA,,,0
527,1209,Mata Red-on-brown,Chihuahuan Brown Ware,0,1,bichrome,0,0,600,1200,1,0,NA,,,0
700,1206,Pilon Red-on-brown,Chihuahuan Brown Ware,0,1,bichrome,0,0,600,1200,1,0,NA,,,0
701,1204,Pilon/Fernando Red-on-brown,Chihuahuan Brown Ware,0,1,bichrome,0,0,600,1200,1,0,NA,,,0
1128,1207,Victoria Red-on-brown,Chihuahuan Brown Ware,0,1,bichrome,0,0,600,1200,1,0,NA,,,0
1129,1210,"Victoria Red-on-brown, Textured",Chihuahuan Brown Ware,0,1,bichrome,0,1,600,1200,1,0,NA,,,0
46,409,Babicora Polychrome,Chihuahuan Series,0,1,polychrome,0,0,1200,1450,1,1,0,Neuzil and Lyons 2008,,NA
96,408,Carretas Polychrome,Chihuahuan Series,0,1,polychrome,0,0,1200,1450,1,1,0,Neuzil and Lyons 2008,Neuzil and Lyons 2008 say most common AD 1250-1350,NA
130,895,"Chihuahuan polychrome, Undifferentiated",Chihuahuan Series,0,1,polychrome,0,0,1200,1450,1,1,NA,,,NA
136,312,"Chihuahuan type, Undifferentiated",Chihuahuan Series,0,1,undifferentiated dec,0,0,1200,1450,1,1,0,,,NA
226,410,Corralitos Polychrome,Chihuahuan Series,0,1,polychrome,0,0,1200,1450,1,1,0,Neuzil and Lyons 2008,,NA
259,411,Dublan Polychrome,Chihuahuan Series,0,1,polychrome,0,0,1200,1450,1,1,0,Neuzil and Lyons 2008,,NA
281,412,Escondida Polychrome,Chihuahuan Series,0,1,polychrome,0,0,1200,1450,1,1,0,,,NA
381,106,Huerigos Polychrome,Chihuahuan Series,0,1,polychrome,0,0,1350,1450,1,1,0,DiPeso 1974,,NA
518,944,Madera Black-on-red,Chihuahuan Series,0,1,bichrome,1,0,1200,1450,1,1,0,OAS Pottery Website,,0
780,218,Ramos Polychrome,Chihuahuan Series,0,1,polychrome,0,0,1200,1450,1,1,0,Hendrickson 2003,,NA
1130,377,Villa Ahumada Polychrome,Chihuahuan Series,0,1,polychrome,0,0,1350,1450,1,1,0,Sayles 1936; DiPeso 1977,,NA
149,759,"Chuska Orange Ware, Undifferentiated",Chuska Orange Ware,0,0,bichrome,1,0,825,875,1,1,0,Windes 1977,,NA
910,758,Sanostee Black-on-red,Chuska Orange Ware,0,1,bichrome,1,0,825,875,1,1,0,Windes 1977,,NA
911,757,Sanostee Red-on-Orange,Chuska Orange Ware,0,1,bichrome,1,0,825,875,1,1,0,Windes 1977,,NA
80,27,Brimhall Black-on-white,Chuska White Ware,1,1,bichrome,0,0,1040,1150,1,1,0,Windes 1977 revised,,NA
81,760,Brimhall/Taylor Black-on-white,Chuska White Ware,0,1,bichrome,0,0,1000,1150,1,1,0,Windes 1977 revised,,NA
85,28,Burnham Black-on-white,Chuska White Ware,0,1,bichrome,0,0,860,1000,1,1,0,Windes 1977,,NA
86,761,Burnham/Newcomb Black-on-white,Chuska White Ware,0,1,bichrome,0,0,860,1000,1,1,0,Windes 1977,,NA
138,48,Chuska Black-on-white,Chuska White Ware,1,1,bichrome,0,0,1040,1125,1,1,0,Windes 1977 revised,,NA
139,762,"Chuska BMIII/PI Black-on-white, Type Undifferentiated",Chuska White Ware,0,0,bichrome,0,0,700,900,1,0,0,,,NA
140,755,"Chuska Carbon Painted White Ware, Undifferentiated",Chuska White Ware,0,0,bichrome,0,0,800,1300,0,0,0,Windes 1977,,NA
145,754,"Chuska Mineral Painted White Ware, Undifferentiated",Chuska White Ware,0,0,bichrome,0,0,800,1300,0,0,0,Windes 1977,,NA
150,763,"Chuska PI/PII Black-on-white, Type Undifferentiated",Chuska White Ware,0,0,bichrome,0,0,700,1100,1,0,0,,,NA
151,834,"Chuska PII Black-on-white, Type Undifferentiated",Chuska White Ware,0,0,bichrome,0,0,900,1100,1,0,0,,,NA
153,833,"Chuska PII/PIII Black-on-white, Type Undifferentiated",Chuska White Ware,0,0,bichrome,0,0,900,1300,1,0,0,,,NA
155,835,"Chuska PIII Black-on-white, Type Undifferentiated",Chuska White Ware,0,0,bichrome,0,0,1100,1300,1,0,0,,,NA
158,313,"Chuska White Ware type, Undifferentiated",Chuska White Ware,0,0,bichrome,0,0,800,1300,0,0,0,Windes 1977,,NA
159,555,Chuska/Brimhall Black-on-white,Chuska White Ware,1,1,bichrome,0,0,1040,1150,1,1,0,Windes 1977 revised,,NA
235,62,Crozier Black-on-white,Chuska White Ware,0,1,bichrome,0,0,800,900,1,1,0,Windes 1977,,NA
236,63,Crumbled House Black-on-white,Chuska White Ware,0,1,bichrome,0,0,1150,1300,1,1,0,Windes 1977,,NA
258,73,Drolet Black-on-white,Chuska White Ware,0,1,bichrome,0,0,900,1000,1,1,0,Windes 1977,,NA
623,169,Naschitti Black-on-white,Chuska White Ware,0,1,bichrome,0,0,900,1000,1,1,0,Windes 1977,,NA
624,836,Naschitti or Newcomb Black-on-white,Chuska White Ware,0,1,bichrome,0,0,875,1000,1,1,0,,,NA
625,170,Nava Black-on-white,Chuska White Ware,0,1,bichrome,0,0,1100,1275,1,1,0,Windes 1977,,NA
626,883,Nava/Crumbled House Black-on-white,Chuska White Ware,0,1,bichrome,0,0,1100,1300,1,1,0,combined types,,NA
633,171,Newcomb Black-on-white,Chuska White Ware,0,1,bichrome,0,0,875,1000,1,1,0,Windes 1977,,NA
635,745,Newcomb or Burnham Black-on-white,Chuska White Ware,0,1,bichrome,0,0,860,1000,1,1,0,Windes 1977,,NA
683,180,Pena Black-on-white,Chuska White Ware,0,1,bichrome,0,0,800,900,1,1,0,Windes 1977,,NA
1014,270,Taylor Black-on-white,Chuska White Ware,0,1,bichrome,0,0,1000,1100,1,1,0,Windes 1977,,NA
1025,271,Theodore Black-on-white,Chuska White Ware,0,1,bichrome,0,0,800,825,1,1,0,Windes 1977,,NA
1034,274,Toadlena Black-on-white,Chuska White Ware,0,1,bichrome,0,0,975,1125,1,1,0,Windes 1977,,NA
1071,292,Tunicha Black-on-white,Chuska White Ware,0,1,bichrome,0,0,850,900,1,1,0,Windes 1977,,NA
101,442,Cebolleta Black-on-white,Cibola White Ware,0,1,bichrome,0,0,1000,1200,1,1,0,check on this,,NA
109,41,Chaco Black-on-white,Cibola White Ware,1,1,bichrome,0,0,1075,1150,1,1,0,Goetze and Mills 1993,,NA
111,42,Chaco-McElmo Black-on-white (carbon paint),Cibola White Ware,0,1,bichrome,0,0,1090,1175,1,1,0,Goetze and Mills 1993; updated from Windes,,NA
161,314,"Cibola Black-on-white, Undifferentiated",Cibola White Ware,0,0,bichrome,0,0,550,1325,0,0,0,,,NA
162,744,"Cibola BMIII/PI White Ware, Type Undifferentiated",Cibola White Ware,0,0,bichrome,0,0,550,900,1,0,0,,,NA
175,741,"Cibola PI White Ware, Type Undifferentiated",Cibola White Ware,0,0,bichrome,0,0,700,900,1,0,0,,,NA
176,742,"Cibola PI/PII White Ware, Type Undifferentiated",Cibola White Ware,0,0,bichrome,0,0,700,1100,1,0,0,,,NA
178,738,"Cibola PII White Ware, Type Undifferentiated",Cibola White Ware,0,0,bichrome,0,0,880,1100,1,0,0,,,NA
181,740,"Cibola PII/PIII White Ware, Type Undifferentiated",Cibola White Ware,0,0,bichrome,0,0,1000,1300,1,0,0,,,NA
183,739,"Cibola PIII White Ware, Type Undifferentiated",Cibola White Ware,0,0,bichrome,0,0,1100,1300,1,0,0,,,NA
184,893,"Cibola PIII/PIV White Ware, Type Undifferentiated",Cibola White Ware,0,0,bichrome,0,0,1200,1325,1,0,0,,,NA
188,315,"Cibola White Ware, Undifferentiated",Cibola White Ware,0,0,bichrome,0,0,550,1325,0,0,0,,,NA
223,60,Corduroy Black-on-white,Cibola White Ware,0,1,bichrome,0,0,800,900,1,1,0,Breternitz 1959,,NA
279,77,Escavada Black-on-white,Cibola White Ware,0,1,bichrome,0,0,1000,1100,1,1,0,Mills and Herr 1999,,NA
280,734,Escavada-Puerco Black-on-white,Cibola White Ware,0,1,bichrome,0,0,1000,1100,1,1,0,,,NA
304,87,Gallup Black-on-white,Cibola White Ware,1,1,bichrome,0,0,1040,1150,1,1,0,Mills and Herr 1999; Toll and McKenna 1997,,NA
305,844,Gallup or Reserve Black-on-white,Cibola White Ware,1,1,bichrome,0,0,1040,1200,1,1,0,see pure types,,NA
426,1174,Kiatuthlana/Red Mesa Black-on-white,Cibola White Ware,0,1,bichrome,0,0,850,1040,1,1,0,,,0
427,129,Kiatuthlanna Black-on-white,Cibola White Ware,0,1,bichrome,0,0,850,925,1,1,0,Hays-Gilpin 1998; Mills and Herr 1999,,NA
428,556,Kiatuthlanna-Red Mesa Black-on-white,Cibola White Ware,0,1,bichrome,0,0,850,1040,1,1,0,Hays-Gilpin and Van Hartesveldt 1998,,NA
443,437,Klagetoh Black-on-white,Cibola White Ware,0,1,bichrome,0,0,1250,1300,1,1,0,Hays-Gilpin 1998,,NA
455,686,Kowina Black-on-white,Cibola White Ware,0,1,bichrome,0,0,1050,1300,1,1,0,Wozniak and Marshall 1991,,NA
463,142,La Plata Black-on-white,Cibola White Ware,0,1,bichrome,0,0,550,750,1,1,0,Mills and Herr 1999,,NA
464,1175,La Plata/White Mound Black-on-white,Cibola White Ware,0,1,bichrome,0,0,550,850,1,1,0,,,0
465,861,La Plata-White Mound Black-on-white,Cibola White Ware,0,1,bichrome,0,0,550,850,1,1,0,combined types,,NA
486,147,Lino Black-on-gray (Cibola),Cibola White Ware,0,1,bichrome,0,0,600,850,1,1,0,Mills and Herr 1999,,NA
708,186,Pinedale Black-on-white,Cibola White Ware,0,1,bichrome,0,0,1270,1320,1,1,0,Mills and Herr 1999,,NA
763,216,Puerco Black-on-white,Cibola White Ware,0,1,bichrome,0,0,1030,1200,1,1,0,Mills and Herr 1999,,NA
764,880,Puerco or Red Mesa Black-on-white,Cibola White Ware,0,1,bichrome,0,0,880,1200,1,1,0,,,NA
774,552,Puerco-Reserve Black-on-white,Cibola White Ware,0,1,bichrome,0,0,1030,1200,1,1,0,Hays-Gilpin and Van Hartesveldt 1998,,NA
782,219,Red Mesa Black-on-white,Cibola White Ware,0,1,bichrome,0,0,880,1040,1,1,0,Goetze and Mills 1993; Mills and Herr 1999,,NA
783,1182,Red Mesa/Gallup Black-on-white,Cibola White Ware,0,1,bichrome,0,0,880,1150,1,1,0,,,0
784,1183,Red Mesa/Puerco Black-on-white,Cibola White Ware,0,1,bichrome,0,0,880,1200,1,1,0,,,0
792,220,Reserve Black-on-white,Cibola White Ware,0,1,bichrome,0,0,1050,1200,1,1,0,Mills and Herr 1999; Hays-Gilpin 1998,,NA
795,551,Reserve/Tularosa Black-on-white,Cibola White Ware,0,1,bichrome,0,0,1050,1300,1,1,0,Hays-Gilpin and Van Hartesveldt 1998,,NA
841,436,Roosevelt Black-on-white,Cibola White Ware,0,1,bichrome,0,0,1270,1320,1,1,0,Mills and Herr 1999,,NA
965,256,Snowflake Black-on-white,Cibola White Ware,0,1,bichrome,0,0,1100,1275,1,1,0,Mills and Herr 1999, (Mills and Herr 1999 says 1100-1275?),NA
966,879,Snowflake or Puerco Black-on-white,Cibola White Ware,0,1,bichrome,0,0,1030,1300,1,1,0,,,NA
1063,290,Tularosa Black-on-white,Cibola White Ware,0,1,bichrome,0,0,1180,1300,1,1,0,Hayes-Gilpin and Van Hartesveldt 1998,,NA
1067,905,Tularosa/Klagetoh Black-on-white,Cibola White Ware,0,1,bichrome,0,0,1180,1300,1,1,0,combined type,,NA
1068,553,Tularosa/Pinedale Black-on-white,Cibola White Ware,0,1,bichrome,0,0,1175,1325,1,1,0,Hays-Gilpin and Van Hartesveldt 1998,,NA
1142,201,White Mound Black-on-white,Cibola White Ware,0,1,bichrome,0,0,700,850,1,1,0,Goetze and Mills 1993,,NA
1143,1184,White Mound/Kiatuthlana Black-on-white,Cibola White Ware,0,1,bichrome,0,0,700,1040,1,1,0,,,0
1144,863,White Mound-Kiatuthlanna Black-on-white,Cibola White Ware,0,1,bichrome,0,0,700,1040,1,1,0,see pure types,,NA
214,785,"Coconino Buff Ware, Undifferentiated",Coconino Buff Ware,0,1,bichrome,0,0,1050,1150,0,0,0,,,NA
216,57,Coconino Red-on-buff,Coconino Buff Ware,0,1,bichrome,0,0,1050,1150,1,1,0,Colton and Hargrave 1937,Red-on-buff?,NA
1168,205,Winona Red-on-buff,Coconino Buff Ware,0,1,bichrome,0,0,1050,1150,1,1,0,Colton and Hargrave 1937,Red-on-tan?,NA
55,19,Benson Red-on-brown,Dragoon Series,0,1,bichrome,0,0,750,1150,1,1,0,Tuthill 1947,dates from P. Lyons,NA
99,35,Cascabel Red-on-brown,Dragoon Series,0,1,bichrome,0,0,700,900,1,1,0,Heckman et al. 2000,,NA
245,67,Deep Well Red-on-brown,Dragoon Series,0,1,bichrome,0,0,750,1150,1,1,0,Tuthill 1947,dates from P. Lyons,NA
256,72,Dragoon Series Red-on-brown,Dragoon Series,0,1,bichrome,0,0,700,1100,1,1,0,Fulton 1934; Fulton and Tuthill 1940; Heckman et al. 2000,,NA
257,318,"Dragoon Series Red-on-brown, Undifferentiated",Dragoon Series,0,1,bichrome,0,0,700,1100,0,0,0,,,NA
1046,280,Tres Alamos Red-on-brown,Dragoon Series,0,1,bichrome,0,0,900,1100,1,1,0,Heckman et al. 2000,,NA
454,441,Kowina Black-on-red,Early White Mountain Red Ware,0,1,bichrome,1,0,1225,1300,1,1,0,Oppelt,,NA
640,674,North Plains Black-on-red,Early White Mountain Red Ware,0,1,bichrome,1,0,1200,1300,1,1,0,Dittert 1959,,NA
641,672,North Plains Polychrome,Early White Mountain Red Ware,0,1,polychrome,1,0,1200,1300,1,1,0,Dittert 1959,,NA
762,215,Puerco Black-on-red,Early White Mountain Red Ware,0,1,bichrome,1,0,1000,1175,1,1,0,Mills and Herr 1999,,NA
977,259,Springerville Polychrome,Early White Mountain Red Ware,0,1,polychrome,1,0,1250,1300,1,1,0,Carlson 1970; Fixed by Peeples,,NA
978,260,St. Johns Black-on-red,Early White Mountain Red Ware,0,1,bichrome,1,0,1200,1300,1,1,0,Mills and Herr 1999,,NA
979,535,St. Johns Black-on-red or Polychrome,Early White Mountain Red Ware,0,1,polychrome,1,0,1200,1300,1,1,0,Carlson 1970,,NA
980,261,St. Johns Polychrome,Early White Mountain Red Ware,0,1,polychrome,1,0,1200,1300,1,1,0,Mills and Herr 1999,,NA
1015,691,Techado Polychrome,Early White Mountain Red Ware,0,1,polychrome,1,0,1250,1300,1,1,0,Matt Peeples personal communication 10/07/11,,NA
1145,701,"White Mountain type, Type Undifferentiated; Early",Early White Mountain Red Ware,0,0,undifferentiated dec,1,0,1000,1300,0,0,0,,this type is based on a quantitative assessment of the proportion of identified Early White Mttypes.,NA
1154,203,Wingate Black-on-red,Early White Mountain Red Ware,0,1,bichrome,1,0,1050,1225,1,1,0,Mills and Herr 1999; updated by SWSN 2015,,NA
1155,538,Wingate Black-on-red or Polychrome,Early White Mountain Red Ware,0,1,polychrome,1,0,1050,1225,1,1,0,Mills and Herr 1999; updated by SWSN 2015,,NA
1156,204,Wingate Polychrome,Early White Mountain Red Ware,0,1,polychrome,1,0,1100,1225,1,1,0,Mills and Herr 1999; updated by SWSN 2015,,NA
1157,688,Wingate/St. Johns Black-on-red or polychrome,Early White Mountain Red Ware,0,1,polychrome,1,0,1050,1300,1,1,0,see pure types,,NA
273,1747,Emery Black-on-gray,Fremont Gray Ware,0,1,bichrome,0,0,1100,1250,1,1,NA,,,0
388,1739,Ivie Creek Black-on-white,Fremont Gray Ware,0,1,bichrome,0,0,1100,1250,1,1,NA,,,0
868,1744,Salt Lake Black-on-gray,Fremont Gray Ware,0,1,bichrome,0,0,1100,1250,1,1,NA,,,0
930,1741,Sevier Black-on-Gray,Fremont Gray Ware,0,1,bichrome,0,0,1100,1250,1,1,NA,,,0
931,1745,Sevier Black-on-white,Fremont Gray Ware,0,1,bichrome,0,0,1100,1250,1,1,NA,,,0
955,1749,Snake Valley Black-on-gray,Fremont Gray Ware,0,1,bichrome,0,0,1100,1250,1,1,NA,,,0
958,1750,Snake Valley Red-on-gray,Fremont Gray Ware,0,1,bichrome,0,0,1100,1250,1,1,NA,,,0
336,484,Grasshopper Polychrome,Grasshopper Ware,0,1,polychrome,1,0,1330,1375,1,1,0,Van Keuren 2001,,NA
341,752,Guadalupe Black-on-white,Guadalupe White Ware,0,1,bichrome,0,0,1200,1265,1,1,0,Pippin 1987,,NA
545,1021,Mercado Red-on-cream,Guadiana Cream Ware,0,1,bichrome,0,0,650,750,0,0,0,,,0
342,1733,Guasave Red-on-buff,Guasave Series,0,1,bichrome,0,0,1000,1532,1,1,NA,,,0
628,1738,Navalato Polychrome,Guasave Series,0,1,polychrome,0,0,1100,1400,1,1,NA,,,0
343,94,Hawikuh Glaze-on-red,Hawikuh Glaze Ware,0,1,bichrome,1,0,1630,1680,1,1,0,Dittert and Plog 1980,,NA
344,572,Hawikuh Glaze-on-red or polychrome,Hawikuh Glaze Ware,0,1,polychrome,0,0,1630,1680,1,1,0,Woodbury and Woodbury 1966,,NA
345,95,Hawikuh Polychrome,Hawikuh Glaze Ware,0,1,polychrome,0,0,1630,1680,1,1,0,Dittert and Plog 1980,,NA
100,949,Casitas Red-on-brown,Hispanic Utility Ware,0,1,bichrome,0,0,1762,1900,1,1,0,,,0
1119,1676,Valencia White,Hispanic Utility Ware,0,1,bichrome,0,0,1790,1900,1,1,0,,,0
747,936,Polacca Polychrome,Historic Hopi Yellow Ware,0,1,polychrome,0,0,1780,1900,1,1,NA,,,0
350,1751,"Historic Decorated Type, undifferentiated",Historic Ware,0,1,undifferentiated dec,0,0,1540,2000,0,0,NA,,,0
359,1735,Historic Red-on-brown,Historic Ware,0,1,bichrome,0,0,1540,1800,0,0,NA,,,0
58,21,Bidahochi Black-on-white,Hopi White Ware,0,1,bichrome,0,0,1325,1400,1,1,0,Caywood and Spicer 1935; Colton 1956,,NA
376,417,Hoyapi Black-on-white,Hopi White Ware,0,1,bichrome,0,0,1250,1300,1,1,0,Colton 1955,,NA
424,415,Kia-ko Black-on-white,Hopi White Ware,0,1,bichrome,0,0,1100,1150,1,1,0,Colton 1956,,NA
746,416,Polacca Black-on-white,Hopi White Ware,0,1,bichrome,0,0,1150,1250,1,1,0,Colton 1955,,NA
378,103,Huckovi Black-on-orange,Jeddito Orange Ware,0,1,bichrome,0,0,1300,1350,1,1,0,updated from Bernardini,,NA
380,105,Huckovi Polychrome,Jeddito Orange Ware,0,1,polychrome,0,0,1300,1350,1,1,0,updated from Bernardini,,NA
389,419,Jeddito Black-on-orange,Jeddito Orange Ware,0,1,bichrome,0,0,1250,1300,1,1,0,updated from Bernardini,,NA
397,922,Jeddito Orange,Jeddito Orange Ware,0,1,bichrome,0,0,1250,1300,1,1,NA,updated from Bernardini,,0
398,1133,"Jeddito Orange Ware, Undifferentiated",Jeddito Orange Ware,0,1,undifferentiated dec,1,0,1250,1350,1,1,NA,,,0
400,420,Jeddito Polychrome,Jeddito Orange Ware,0,1,polychrome,0,0,1250,1300,1,1,0,updated from Bernardini,,NA
446,132,Kokop Black-on-orange,Jeddito Orange Ware,0,1,bichrome,0,0,1300,1350,1,1,0,updated from Bernardini,,NA
448,134,Kokop Polychrome,Jeddito Orange Ware,0,1,polychrome,0,0,1300,1350,1,1,0,updated from Bernardini,,NA
459,137,Kwaituki Black-on-orange,Jeddito Orange Ware,0,1,bichrome,0,0,1250,1350,1,1,0,updated from Bernardini,,NA
461,139,Kwaituki Polychrome,Jeddito Orange Ware,0,1,polychrome,0,0,1300,1350,1,1,0,updated from Bernardini,,NA
39,14,Awatovi Black-on-yellow,Jeddito Yellow Ware,0,1,bichrome,0,0,1325,1375,1,1,0,Yellow Ware Conference updated,,NA
40,418,Awatovi Polychrome,Jeddito Yellow Ware,0,1,polychrome,0,0,1400,1625,1,1,0,Colton 1965; Frank and Harlow 1974,,NA
41,617,Awatovi-Jeddito Black-on-yellow,Jeddito Yellow Ware,0,1,bichrome,0,0,1300,1375,1,1,0,Colton 1956,,NA
59,22,Bidahochi Polychrome,Jeddito Yellow Ware,0,1,polychrome,0,0,1325,1375,1,1,0,Colton 1956; Smith 1971,,NA
278,908,Equivocal Black-on-Yellow,Jeddito Yellow Ware,0,1,bichrome,0,0,1325,1629,1,1,0,,,0
353,917,Historic Hopi Yellow Ware,Jeddito Yellow Ware,0,1,bichrome,0,0,1625,1900,1,1,NA,,,0
390,116,Jeddito Black-on-yellow,Jeddito Yellow Ware,0,1,bichrome,0,0,1300,1450,1,1,0,Habicht-Mauche 1993,,NA
391,920,Jeddito Black-on-Yellow A,Jeddito Yellow Ware,0,1,bichrome,0,0,1375,1450,1,1,NA,,,0
392,921,Jeddito Black-on-Yellow B,Jeddito Yellow Ware,0,1,bichrome,0,0,1385,1629,1,1,NA,,,0
393,705,Jeddito Black-on-yellow or Polychrome,Jeddito Yellow Ware,0,1,undifferentiated dec,0,0,1300,1450,1,1,0,http://www.musnaz.org/CeramicFIM/JedditoYellowWare/JYWindex.htm,,NA
394,309,"Jeddito Black-on-yellow, Undifferentiated",Jeddito Yellow Ware,0,1,bichrome,0,0,1300,1450,0,0,0,http://www.musnaz.org/CeramicFIM/JedditoYellowWare/JYWindex.htm,,NA
396,117,Jeddito Engraved,Jeddito Yellow Ware,0,1,polychrome,0,0,1350,1600,1,1,0,Colton 1956,,NA
401,118,Jeddito Stippled,Jeddito Yellow Ware,0,1,bichrome,0,0,1350,1600,1,1,0,Colton 1956,,NA
418,123,Kawaioku Polychrome,Jeddito Yellow Ware,0,1,polychrome,0,0,1400,1625,1,1,0,Hargrave 1932; Colton 1956,,NA
658,619,Paayu Polychrome,Jeddito Yellow Ware,0,1,polychrome,0,0,1365,1385,1,1,0,MNA website,,NA
677,620,Payupki Polychrome,Jeddito Yellow Ware,0,1,polychrome,0,0,1680,1780,1,1,0,Wade and McChesney 1981,,NA
881,618,San Bernardo Polychrome,Jeddito Yellow Ware,0,1,polychrome,0,0,1625,1740,1,1,0,Wade and McChesney 1981,,NA
947,252,Sikyatki Polychrome,Jeddito Yellow Ware,0,1,polychrome,0,0,1375,1625,1,1,0,Wade and McChesney 1981,,NA
948,940,Sikyatki Polychrome A,Jeddito Yellow Ware,0,1,polychrome,0,0,1385,1400,1,1,NA,,,0
949,937,Sikyatki Polychrome B,Jeddito Yellow Ware,0,1,polychrome,0,0,1385,1450,1,1,NA,,,0
950,938,Sikyatki Polychrome C,Jeddito Yellow Ware,0,1,polychrome,0,0,1450,1629,1,1,NA,,,0
951,1149,Sikyatki Polychrome C/D/E,Jeddito Yellow Ware,0,1,polychrome,0,0,1450,1680,1,1,NA,,,0
952,939,Sikyatki Polychrome D,Jeddito Yellow Ware,0,1,polychrome,0,0,1450,1629,1,1,NA,,,0
953,941,Sikyatki Polychrome E,Jeddito Yellow Ware,0,1,polychrome,0,0,1550,1680,1,1,NA,,,0
407,1046,Jemez River Polychrome,Jemez Province Revolt Ware,0,1,polychrome,0,0,1680,1720,1,1,NA,Liebmann 2006,,0
261,1708,Early Jemez Black-on-white,Jemez White Ware,0,1,bichrome,0,0,1300,1500,1,1,0,Boyd Dyer 2008,,NA
404,119,Jemez Black-on-white,Jemez White Ware,0,1,bichrome,0,0,1300,1750,1,1,0,Boyd Dyer 2008,,NA
473,1709,Late Jemez Black-on-white,Jemez White Ware,0,1,bichrome,0,0,1500,1750,1,1,0,Boyd Dyer 2008,,NA
1120,374,Vallecitos Black-on-white,Jemez White Ware,0,1,bichrome,0,0,1230,1400,1,1,0,Habicht-Mauche 1993,,NA
267,74,El Paso Bichrome,Jornada Mogollon Brown Ware,0,1,bichrome,0,0,1000,1100,1,1,0,Human Systems Research 1973,,NA
268,1718,El Paso Bichrome or Polychrome,Jornada Mogollon Brown Ware,0,1,undifferentiated dec,0,0,1000,1350,1,1,NA,,,0
270,75,El Paso Polychrome,Jornada Mogollon Brown Ware,0,1,polychrome,0,0,1100,1350,1,1,0,Human Systems Research 1973; Smiley 1978; Whalen 1981,,NA
410,120,Jornada Polychrome,Jornada Mogollon Brown Ware,0,1,polychrome,0,0,900,1350,1,1,0,Human Systems Research 1973,,NA
411,121,Jornada Red-on-brown,Jornada Mogollon Brown Ware,0,1,bichrome,0,0,900,1350,1,1,0,Human Systems Research 1973,a.k.a. Jornada Bichrome,NA
435,623,Kinishba White-on-red,Kinishba Red Ware,0,1,bichrome,1,0,1300,1400,1,1,0,Lyons (in press),,NA
432,448,Kinishba Polychrome,Kinishba Ware,0,1,polychrome,0,0,1300,1350,1,1,0,"Baldwin 1938, Wendorf 1950",,NA
439,443,Kintiel Black-on-orange,Kintiel-Klagetoh Ware,0,1,bichrome,0,0,1275,1300,1,1,0,Wilson 2015,,NA
440,906,"Kintiel-Klagetoh, Type Undifferentiated",Kintiel-Klagetoh Ware,0,1,undifferentiated dec,0,0,1250,1325,1,1,0,combined types,,NA
444,444,Klagetoh Black-on-yellow,Kintiel-Klagetoh Ware,0,1,bichrome,0,0,1250,1300,1,1,0,Wilson 2015,,NA
445,447,Klagetoh Polychrome,Kintiel-Klagetoh Ware,0,1,polychrome,0,0,1250,1325,1,1,0,Wilson 2015,,NA
466,143,Laguna Polychrome,Laguna Matte Paint Ware,0,1,polychrome,0,0,1830,1940,1,1,0,Harlow 1973,,NA
322,1629,Gila Red Smudged,Late Middle Gila Red Ware,0,1,undifferentiated dec,1,0,1100,1450,1,1,NA,,added by A. Torvinen (3/26/16) for CON Project; dates from Abbott & Walsh-Anduze (1995),1
324,93,Gila White-on-red,Late Middle Gila Red Ware,0,1,bichrome,1,0,1300,1350,1,1,0,Kidder and Shepard 1936,,NA
327,1582,Gila/Salt Red Smudged,Late Middle Gila Red Ware,0,1,undifferentiated dec,1,0,1100,1450,1,1,NA,,added by A. Torvinen (3/26/16) for CON Project; dates from Abbott & Walsh-Anduze (1995),NA
872,1628,Salt Red Smudged,Late Middle Gila Red Ware,0,1,undifferentiated dec,1,0,1100,1450,1,1,NA,,added by A. Torvinen (3/26/16) for CON Project; dates from Abbott & Walsh-Anduze (1995),1
102,36,Cedar Creek Polychrome,Late White Mountain Red Ware,0,1,polychrome,1,0,1300,1350,1,1,0,Eckert 2006,,NA
103,608,Cedar Creek/Fourmile Polychrome,Late White Mountain Red Ware,0,1,polychrome,1,0,1300,1400,1,1,0,see pure types,,NA
299,83,Fourmile Polychrome,Late White Mountain Red Ware,0,1,polychrome,1,0,1325,1400,1,1,0,Eckert 2006,,NA
707,185,Pinedale Black-on-red,Late White Mountain Red Ware,0,1,bichrome,1,0,1280,1330,1,1,0,Mills and Herr 1999,,NA
709,187,Pinedale Polychrome,Late White Mountain Red Ware,0,1,polychrome,1,0,1290,1330,1,1,0,Mills and Herr 1999,,NA
710,481,Pinedale/Cedar Creek Polychrome,Late White Mountain Red Ware,0,1,polychrome,1,0,1290,1350,1,1,0,"Mills and Herr 1999, Eckert 2006",either/or,NA
941,250,Showlow Polychrome,Late White Mountain Red Ware,0,1,polychrome,1,0,1300,1400,1,1,0,Dittert and Plog 1980,,NA
1146,702,"White Mountain type, Type Undifferentiated; Late",Late White Mountain Red Ware,0,0,undifferentiated dec,1,0,1280,1425,0,0,0,,this type is based on a quantitative assessment of the proportion of identified types.,NA
119,429,Chevelon Black-on-white,Little Colorado White Ware,0,1,bichrome,0,0,1070,1125,1,1,0,Colton 1955,,NA
362,99,Holbrook A Black-on-white,Little Colorado White Ware,0,1,bichrome,0,0,1050,1150,1,1,0,Douglas 1987; Hays-Gilpin and Van Hartesveldt 1998,,NA
363,624,Holbrook A/B Black-on-white,Little Colorado White Ware,0,1,bichrome,0,0,1050,1150,1,1,0,Hays-Gilpin and Van Hartesveldt 1998,,NA
364,100,Holbrook B Black-on-white,Little Colorado White Ware,0,1,bichrome,0,0,1050,1150,1,1,0,Douglas 1987; Hays-Gilpin and Van Hartesveldt 1998,,NA
365,432,Holbrook Black-on-white,Little Colorado White Ware,0,1,bichrome,0,0,1050,1150,1,1,0,Douglas 1987; Hays-Gilpin and Van Hartesveldt 1998,,NA
366,625,Holbrook/Walnut Black-on-white,Little Colorado White Ware,0,1,bichrome,0,0,1050,1250,1,1,0,Hays-Gilpin and Van Hartesveldt 1998,,NA
483,145,Leupp Black-on-white,Little Colorado White Ware,0,1,bichrome,0,0,1200,1250,1,1,0,Douglas 1987; Hays-Gilpin and Van Hartesveldt 1998,,NA
509,324,"Little Colorado White Ware, Undifferentiated",Little Colorado White Ware,0,0,bichrome,0,0,825,1250,0,0,0,,,NA
659,174,Padre Black-on-white,Little Colorado White Ware,1,1,bichrome,0,0,1100,1250,1,1,0,Douglas 1987; Hays-Gilpin and Van Hartesveldt 1998,,NA
660,885,Padre/Walnut Black-on-white,Little Colorado White Ware,1,1,bichrome,0,0,1100,1250,1,1,0,combined types,,NA
981,717,St. Josephs Black-on-White,Little Colorado White Ware,0,1,bichrome,0,0,825,1050,1,1,0,Hays-Gilpin and Van Hartesveldt 1998,,NA
1133,378,Walnut A Black-on-white,Little Colorado White Ware,0,1,bichrome,0,0,1100,1250,1,1,0,Douglas 1987; Hays-Gilpin and Van Hartesveldt 1998,,NA
1134,626,Walnut A/B Black-on-white,Little Colorado White Ware,0,1,bichrome,0,0,1100,1250,1,1,0,Hays-Gilpin and Van Hartesveldt 1998,,NA
1135,199,Walnut B Black-on-white,Little Colorado White Ware,0,1,bichrome,0,0,1200,1250,1,1,0,Douglas 1987; Hays-Gilpin and Van Hartesveldt 1998,,NA
1136,427,Walnut Black-on-white,Little Colorado White Ware,0,1,bichrome,0,0,1100,1250,1,1,0,Douglas 1987; Hays-Gilpin and Van Hartesveldt 1998,,NA
1137,884,Walnut/Leupp Black-on-white,Little Colorado White Ware,0,1,bichrome,0,0,1100,1250,1,1,0,combined types,,NA
67,25,Black Mesa Red-on-buff,Lower Colorado Buff Ware,0,1,bichrome,0,0,800,1000,1,1,0,Rogers 1945; Waters 1982,,NA
220,58,Colorado Red-on-beige,Lower Colorado Buff Ware,0,1,bichrome,0,0,800,1050,1,1,0,Rogers 1945; Waters 1982,,NA
221,59,Colorado Red-on-buff,Lower Colorado Buff Ware,0,1,bichrome,0,0,1500,1900,1,1,1,Waters 1982,,NA
516,611,"Lower Colorado Buff Ware type, Undifferentiated",Lower Colorado Buff Ware,0,1,bichrome,0,0,800,1900,0,0,0,see pure types,,NA
664,175,Palomas Red-on-buff,Lower Colorado Buff Ware,0,1,bichrome,0,0,1000,1900,1,1,1,,,NA
672,176,Parker Red-on-buff,Lower Colorado Buff Ware,0,1,bichrome,0,0,1000,1900,1,1,1,Rogers 1945; Waters 1982,,NA
874,234,Salton Red-on-buff,Lower Colorado Buff Ware,0,1,bichrome,0,0,1000,1500,1,1,0,Waters 1982,,NA
1042,277,Topoc Red-on-buff,Lower Colorado Buff Ware,0,1,bichrome,0,0,1000,1400,1,1,0,Rogers 1945; Waters 1982,,NA
1070,291,Tumco Red-on-buff,Lower Colorado Buff Ware,0,1,bichrome,0,0,1000,1500,1,1,0,Rogers 1945; Waters 1982,,NA
520,969,"Majolica, Undifferentiated",Majolica,0,1,polychrome,0,0,1700,1900,1,1,0,,,0
529,153,Matsaki Brown-on-buff,Matsaki Buff Ware,0,1,bichrome,0,0,1400,1680,1,1,0,Kintigh 1985,,NA
530,573,"Matsaki Buff Ware type, Undifferentiated",Matsaki Buff Ware,0,1,polychrome,0,0,1400,1680,1,1,0,Woodbury and Woodbury 1966,,NA
531,154,Matsaki Polychrome,Matsaki Buff Ware,0,1,polychrome,0,0,1400,1680,1,1,0,Kintigh 1985,,NA
1111,536,Unnamed Red-on-buff,Matsaki Buff Ware,0,1,bichrome,0,0,1375,1450,1,1,0,Woodbury and Woodbury 1966,,NA
1187,539,Zuni Buff type,Matsaki Buff Ware,0,1,polychrome,0,0,1400,1680,1,1,0,Woodbury and Woodbury 1966,,NA
532,155,Maverick Mountain Black-on-red,Maverick Mountain Series,0,1,bichrome,1,0,1275,1325,1,1,0,Neuzil 2008,,NA
533,156,Maverick Mountain Polychrome,Maverick Mountain Series,0,1,polychrome,1,0,1275,1325,1,1,0,Neuzil 2008,,NA
534,325,"Maverick Mountain type, Undifferentiated",Maverick Mountain Series,0,1,undifferentiated dec,1,0,1275,1450,1,1,0,,,NA
619,167,Nantack Polychrome A,Maverick Mountain Series,0,1,polychrome,1,0,1265,1290,1,1,0,Breternitz 1966,Nantack listed as one type (not A or B): 1265-1290?,NA
620,168,Nantack Polychrome B ,Maverick Mountain Series,0,1,polychrome,1,0,1265,1290,1,1,0,Breternitz 1966,,NA
621,449,"Nantack Polychrome, Undifferentiated",Maverick Mountain Series,0,1,polychrome,1,0,1265,1290,1,1,0,Breternitz 1966; Oppelt 2007,see above for Nantack polychrom A/B; not split in Oppelt; ref. Morris 1957,NA
757,198,Prieto Polychrome,Maverick Mountain Series,0,1,polychrome,1,0,1275,1400,1,1,0,Neuzil 2008,,NA
1061,288,Tucson Black-on-red,Maverick Mountain Series,0,1,bichrome,1,0,1275,1450,1,1,0,Neuzil 2008,,NA
1062,289,Tucson Polychrome,Maverick Mountain Series,0,1,polychrome,1,0,1275,1450,1,1,0,Lindsay 1992,,NA
112,43,Chapin Black-on-white,Mesa Verde White Ware,0,1,bichrome,0,0,575,880,1,1,0,Breternitz et al. 1974; CCAC Manual,(Oppelt has up to 900?),NA
232,61,Cortez Black-on-white,Mesa Verde White Ware,0,1,bichrome,0,0,880,1060,1,1,0,Breternitz et al. 1974; CCAC Manual,,NA
233,628,Cortez-Mancos Black-on-white,Mesa Verde White Ware,0,1,bichrome,0,0,880,1180,1,1,0,see pure type,,NA
521,152,Mancos Black-on-white,Mesa Verde White Ware,1,1,bichrome,0,0,980,1180,1,1,0,Breternitz et al. 1974; CCAC Manual; Reed 2006,(Oppelt says 980-1200?),NA
524,630,Mancos/McElmo Black-on-white,Mesa Verde White Ware,0,1,bichrome,0,0,980,1260,1,1,0,see pure types,,NA
537,159,McElmo Black-on-white,Mesa Verde White Ware,0,1,bichrome,0,0,1060,1260,1,1,0,Breternitz et al. 1974; CCAC Manual,,NA
538,627,McElmo/Mesa Verde Black-on-white,Mesa Verde White Ware,0,1,bichrome,0,0,1060,1280,1,1,0,see pure types,,NA
546,161,Mesa Verde Black-on-white,Mesa Verde White Ware,0,1,bichrome,0,0,1180,1280,1,1,0,Breternitz et al. 1974; CCAC Manual,Oppelt has start date of 1080?,NA
547,723,"Mesa Verde BMIII/PI White Ware, Type Undifferentiated",Mesa Verde White Ware,0,0,bichrome,0,0,575,920,0,0,0,CCAC Manual,,NA
553,716,"Mesa Verde PI White Ware, Type Undifferentiated",Mesa Verde White Ware,0,0,bichrome,0,0,750,920,0,0,0,Reed 2006,dates from other types in ware,NA
554,747,"Mesa Verde PI/PII White Ware, Type Undifferentiated",Mesa Verde White Ware,0,0,bichrome,0,0,750,1180,0,0,0,CCAC Manual,,NA
555,721,"Mesa Verde PII White Ware, Type Undifferentiated",Mesa Verde White Ware,0,0,bichrome,0,0,920,1100,0,0,0,CCAC Manual,,NA
556,724,"Mesa Verde PII/PIII White Ware, Type Undifferentiated",Mesa Verde White Ware,0,0,bichrome,0,0,920,1280,0,0,0,CCAC Manual,,NA
557,722,"Mesa Verde PIII White Ware, Type Undifferentiated",Mesa Verde White Ware,0,0,bichrome,0,0,1100,1280,0,0,0,CCAC Manual,,NA
559,326,"Mesa Verde White Ware, Undifferentiated",Mesa Verde White Ware,0,0,bichrome,0,0,575,1280,0,0,0,Breternitz et al. 1974; CCAC Manual,,NA
691,183,Piedra Black-on-white,Mesa Verde White Ware,0,1,bichrome,0,0,800,920,1,1,0,Breternitz et al. 1974; CCAC Manual,,NA
1032,886,Tin Cup Polychrome,Mesa Verde White Ware,0,1,polychrome,0,0,1000,1100,1,1,0,needs confirmation,,NA
1139,558,Wetherill Black-on-white,Mesa Verde White Ware,0,1,bichrome,0,0,1060,1180,1,1,0,Hayes 1964,,NA
1141,767,White Mesa Black-on-white,Mesa Verde White Ware,0,1,bichrome,0,0,850,1000,1,1,0,OAS Pottery Project,,NA
98,33,Casa Grande Red-on-buff,Middle Gila Buff Ware and Gray Ware,0,1,bichrome,0,0,1200,1350,1,1,0,Dean 1991,,NA
265,1657,Early Sacaton/Middle Sacaton 1 Red-on-buff,Middle Gila Buff Ware and Gray Ware,0,1,bichrome,0,0,900,1080,1,1,NA,,added by Andrea Torvinen (8/17/16) as part of the Connections Project,NA
266,1658,Early Sacaton/Middle Sacaton 2 Red-on-buff,Middle Gila Buff Ware and Gray Ware,0,1,bichrome,0,0,900,1100,1,1,NA,,added by Andrea Torvinen (8/17/16) as part of the Connections Project,NA
287,1583,Esterella/Early Gila Butte Red-on-buff,Middle Gila Buff Ware and Gray Ware,0,1,bichrome,0,0,650,800,1,1,NA,,"added by A. Torvinen (3/26/16) for CON Project; dates from Wallace (2004:122, Figure 3.23)",NA
288,79,Estrella Red-on-gray,Middle Gila Buff Ware and Gray Ware,0,1,bichrome,0,0,500,600,1,1,0,Dean 1991,??,NA
291,580,Estrella/Sweetwater Red-on-buff,Middle Gila Buff Ware and Gray Ware,0,1,bichrome,0,0,300,600,1,1,0,see other Middle Gila Buff and Gray references,,NA
292,1666,Estrella/Sweetwater Red-on-gray,Middle Gila Buff Ware and Gray Ware,0,1,bichrome,0,0,650,700,1,1,NA,,added by Andrea Torvinen (2/29/16) as part of the Connections Project,NA
310,89,Gila Butte Red-on-buff,Middle Gila Buff Ware and Gray Ware,0,1,bichrome,0,0,750,850,1,1,0,Dean 1991,,NA
311,576,Gila Butte/Santa Cruz Red-on-buff,Middle Gila Buff Ware and Gray Ware,0,1,bichrome,0,0,750,1000,1,1,0,see other Middle Gila Buff and Gray references,,NA
312,577,Gila Butte/Santa Cruz/Sacaton Red-on-buff,Middle Gila Buff Ware and Gray Ware,0,1,bichrome,0,0,750,1150,1,1,0,see other Middle Gila Buff and Gray references,,NA
471,1661,Late Gila Butte Red-on-buff,Middle Gila Buff Ware and Gray Ware,0,1,bichrome,0,0,800,900,1,1,NA,,added by Andrea Torvinen (8/31/16) as part of the Connections Project,NA
560,328,"Middle Gila Buff Ware or Gray Ware, Undifferentiated",Middle Gila Buff Ware and Gray Ware,0,1,bichrome,0,0,300,1350,0,0,0,,,NA
561,327,"Middle Gila Buff Ware, Undifferentiated",Middle Gila Buff Ware and Gray Ware,0,1,bichrome,0,0,300,1350,0,0,0,,,NA
564,332,"Middle Gila Red-on-gray, Undifferentiated",Middle Gila Buff Ware and Gray Ware,0,1,bichrome,0,0,300,1350,0,0,0,,,NA
568,1659,Middle Sacaton 1/Late Sacaton Red-on-buff,Middle Gila Buff Ware and Gray Ware,0,1,bichrome,0,0,1020,1150,1,1,NA,,added by Andrea Torvinen (8/17/16) as part of the Connections Project,NA
569,1660,Middle Sacaton 2 or Late Sacaton Red-on-buff,Middle Gila Buff Ware and Gray Ware,0,1,bichrome,0,0,1070,1150,1,1,NA,,added by Andrea Torvinen (8/17/16) as part of the Connections Project,NA
858,229,Sacaton Red-on-buff,Middle Gila Buff Ware and Gray Ware,0,1,bichrome,0,0,950,1150,1,1,0,Wallace 2001; Craig 2001,,NA
861,574,Sacaton/Casa Grande Red-on-buff,Middle Gila Buff Ware and Gray Ware,0,1,bichrome,0,0,950,1350,1,1,0,see other Middle Gila Buff and Gray references,,NA
916,243,Santa Cruz Red-on-buff,Middle Gila Buff Ware and Gray Ware,0,1,bichrome,0,0,850,1000,1,1,0,Dean 1991,,NA
917,575,Santa Cruz/Sacaton Red-on-buff,Middle Gila Buff Ware and Gray Ware,0,1,bichrome,0,0,850,1150,1,1,0,see other Middle Gila Buff and Gray references,,NA
918,584,Santa Cruz/Sacaton/Casa Grande Red-on-buff,Middle Gila Buff Ware and Gray Ware,0,1,bichrome,0,0,850,1350,1,1,0,see other Middle Gila Buff and Gray references,,NA
921,413,Santan Red-on-buff,Middle Gila Buff Ware and Gray Ware,0,1,bichrome,0,0,1050,1200,1,1,0,Doyel (2000); Crown (1981),dates from P. Lyons,NA
959,253,Snaketown Red-on-buff,Middle Gila Buff Ware and Gray Ware,0,1,bichrome,0,0,700,750,1,1,0,Dean 1991,,NA
960,254,Snaketown Red-on-buff/gray,Middle Gila Buff Ware and Gray Ware,0,1,bichrome,0,0,700,750,1,1,0,Dean 1991,,NA
961,1619,Snaketown Red-on-gray,Middle Gila Buff Ware and Gray Ware,0,1,bichrome,0,0,700,750,1,1,NA,,added by Andrea Torvinen (2/29/16) as part of the Connections Project,NA
963,578,Snaketown/Gila Butte Red-on-buff,Middle Gila Buff Ware and Gray Ware,0,1,bichrome,0,0,700,850,1,1,0,see other Middle Gila Buff and Gray references,,NA
964,583,Snaketown/Gila Butte/Santa Cruz/Sacaton Red-on-buff,Middle Gila Buff Ware and Gray Ware,0,1,bichrome,0,0,700,1150,1,1,0,see other Middle Gila Buff and Gray references,,NA
985,414,Sweetwater Polychrome,Middle Gila Buff Ware and Gray Ware,0,1,polychrome,0,0,675,700,1,1,0,Wallace 1995; Haury 1976,?  Is this date correct??,NA
986,1627,Sweetwater Red-on-buff,Middle Gila Buff Ware and Gray Ware,0,1,bichrome,NA,NA,675,700,1,1,NA,,"added by A. Torvinen (3/26/16) for CON Project; dates from Wallace (2004:122, Figure 3.23)",NA
987,263,Sweetwater Red-on-gray,Middle Gila Buff Ware and Gray Ware,0,1,bichrome,0,0,300,600,1,1,0,Oppelt 2007; Haury 1976; Wallace and Abbott 2001; Antieau 1981,,NA
989,1599,Sweetwater/Snaketown Red-on-buff,Middle Gila Buff Ware and Gray Ware,0,1,bichrome,0,0,675,750,1,1,NA,,"added by A. Torvinen (3/26/16) for CON Project; dates from Wallace (2004:122, Figure 3.23)",NA
990,579,Sweetwater/Snaketown Red-on-gray,Middle Gila Buff Ware and Gray Ware,0,1,bichrome,0,0,300,800,1,1,0,see other Middle Gila Buff and Gray references,,NA
234,1702,Crosby Black-on-gray,Middle Pecos Gray and White Ware,0,1,bichrome,0,0,1200,1300,1,1,NA,,,0
565,1701,Middle Pecos Black-on-white,Middle Pecos Gray and White Ware,0,1,bichrome,0,0,900,1300,1,1,NA,,,0
567,1704,Middle Pecos PII White Ware,Middle Pecos Gray and White Ware,0,1,bichrome,0,0,1000,1400,1,1,NA,,,0
387,1683,Isleta Red-on-tan,Middle Rio Grande Utility Ware,0,1,bichrome,0,0,1740,1950,1,1,0,,,0
300,84,Galisteo Black-on-white,Middle Rio Grande White Ware,0,1,bichrome,0,0,1270,1425,1,1,0,Habicht-Mauche 1993,,NA
525,1607,Mangus Black-on-white,Mimbres White Ware,0,1,bichrome,0,0,950,1050,1,1,NA,,added by Andrea Torvinen (2/29/16) as part of the Connections Project,NA
576,162,Mimbres Polychrome,Mimbres White Ware,0,1,polychrome,0,0,1025,1125,1,1,0,Shafer and Brewington 1995,,NA
577,163,Mimbres Style I Black-on-white (Boldface),Mimbres White Ware,0,1,bichrome,0,0,750,900,1,1,0,Shafer and Brewington 1995,,NA
578,631,Mimbres Style I/II Black-on-white,Mimbres White Ware,0,1,bichrome,0,0,750,1020,1,1,0,see pure types,,NA
579,164,Mimbres Style II Black-on-white (Transitional),Mimbres White Ware,0,1,bichrome,0,0,880,1020,1,1,0,Shafer and Brewington 1995,,NA
580,632,Mimbres Style II/III Black-on-white,Mimbres White Ware,0,1,bichrome,0,0,970,1020,1,1,0,Shafer and Brewington 1995,,NA
581,165,Mimbres Style III Black-on-white (Classic),Mimbres White Ware,0,1,bichrome,0,0,1010,1130,1,1,0,Shaffer and Brewington,,NA
582,333,"Mimbres White Ware, Undifferentiated",Mimbres White Ware,0,0,bichrome,0,0,900,1130,1,1,0,,,NA
1027,272,Three Circle Red-on-white,Mimbres White Ware,0,1,bichrome,0,0,725,800,1,1,0,Haury 1936,,NA
160,446,Cibecue Polychrome,Mogollon Brown Ware,0,1,polychrome,0,1,1275,1350,1,1,0,Oppelt,,NA
536,158,McDonald Corrugated,Mogollon Brown Ware,0,1,bichrome,0,1,1150,1280,1,1,0,Mills and Herr 1999,,NA
585,304,"Mogollon Black-on-brown, Undifferentiated",Mogollon Brown Ware,0,1,bichrome,0,0,1000,1100,0,0,0,,,NA
586,310,"Mogollon Brown Decorated Corrugated, Undifferentiated",Mogollon Brown Ware,0,1,undifferentiated dec,0,1,1000,1400,0,0,0,,,NA
596,108,"Mogollon Indented Corrugated Red-slipped, White Paint",Mogollon Brown Ware,0,1,bichrome,1,1,1000,1400,1,1,0,,,NA
597,109,"Mogollon Indented Corrugated, White Paint",Mogollon Brown Ware,0,1,bichrome,0,1,1000,1400,1,1,0,,,NA
602,112,"Mogollon Obliterated Corrugated, White Paint",Mogollon Brown Ware,0,1,bichrome,0,1,1000,1400,1,1,0,,,NA
611,166,Mogollon Red-on-brown,Mogollon Brown Ware,0,1,bichrome,0,0,775,900,1,1,0,Haury 1936; Colton and Hargrave 1937,,NA
612,339,"Mogollon Red-on-brown, Undifferentiated",Mogollon Brown Ware,0,1,bichrome,0,0,900,1350,0,0,0,,,NA
982,440,Starkweather Decorated Smudged,Mogollon Brown Ware,0,1,bichrome,0,0,1100,1200,1,1,0,,,NA
1066,439,Tularosa White-on-red,Mogollon Brown Ware,0,1,bichrome,1,0,1200,1350,1,1,0,Neuzil and Lyons 2005,,NA
333,641,Gobernador Polychrome,Navajo Painted Ware,0,1,polychrome,0,0,1650,1775,1,1,0,"Brugge 1981, Sesler, Hovezak, and Wilshusen
2000",,NA
627,640,Navajo Polychrome,Navajo Painted Ware,0,1,polychrome,0,0,1750,1950,1,1,0,Oppelt 2006,,NA
442,1682,Kiua Polychrome,Northeast Keres District Polychrome Ware,0,1,polychrome,0,0,1780,1920,1,1,0,,,0
137,47,Chupadero Black-on-white,Northern Jornada White Ware,0,1,bichrome,0,0,1175,1545,1,1,0,Habicht-Mauche 1993,,NA
643,1049,"Northern Jornada White Ware, Undifferentiated",Northern Jornada White Ware,0,0,bichrome,0,0,1175,1672,1,1,0,,,0
991,265,Tabira Black-on-white,Northern Jornada White Ware,0,1,bichrome,0,0,1550,1672,1,1,0,Toulouse and Stephenson 1960; Hayes et al. 1981,,NA
993,1056,Tabira Polychrome,Northern Jornada White Ware,0,1,polychrome,NA,NA,1550,1672,0,0,NA,,,0
354,953,"Historic Matte Paint, Undifferentiated",Northern Rio Grande Historic Bichrome-Polychrome Ware,0,0,undifferentiated dec,0,0,1600,1900,0,0,0,,,0
654,970,Ogapoge Polychrome,Northern Rio Grande Historic Bichrome-Polychrome Ware,0,1,polychrome,0,0,1725,1825,1,1,0,,,0
745,979,Pojoaque Polychrome,Northern Rio Grande Historic Bichrome-Polychrome Ware,0,1,polychrome,0,0,1720,1760,1,1,0,,,0
753,1000,Powhoge Polychrome,Northern Rio Grande Historic Bichrome-Polychrome Ware,0,1,polychrome,0,0,1760,1900,1,1,0,,,0
863,984,Sakona Polychrome,Northern Rio Grande Historic Bichrome-Polychrome Ware,0,1,polychrome,0,0,1625,1675,1,1,0,,,0
889,1025,San Ildefonso Black-on-red or Polychrome,Northern Rio Grande Historic Bichrome-Polychrome Ware,0,1,undifferentiated dec,0,0,1880,1930,1,1,NA,,,0
892,1042,San Juan Red-on-tan,Northern Rio Grande Historic Bichrome-Polychrome Ware,0,1,bichrome,1,0,1750,1920,1,1,NA,OAS Website,,0
1020,997,Tewa Black-on-red,Northern Rio Grande Historic Bichrome-Polychrome Ware,0,1,bichrome,1,0,1625,1930,1,1,0,,,0
1021,1048,Tewa Black-on-white,Northern Rio Grande Historic Bichrome-Polychrome Ware,0,1,polychrome,1,0,1680,1750,1,1,0,,,0
1023,995,Tewa Polychrome,Northern Rio Grande Historic Bichrome-Polychrome Ware,0,1,polychrome,1,0,1650,1775,1,1,0,,,0
751,960,Potsuwi'i Incised,Northern Rio Grande Historic Plain Ware,0,1,undifferentiated dec,0,0,1500,1600,1,1,0,,,0
60,2,Biscuit A Black-on-white,Northern Rio Grande White Ware,0,1,bichrome,0,0,1340,1450,1,1,0,Boyd Dyer 2008,Oppelt lists as black-on-gray,NA
61,17,Biscuit B Black-on-white,Northern Rio Grande White Ware,0,1,bichrome,0,0,1400,1550,1,1,0,Boyd Dyer 2008,Oppelt lists as black-on-gray,NA
62,945,"Biscuit Ware, Undifferentiated",Northern Rio Grande White Ware,0,0,bichrome,0,0,1350,1550,1,1,0,,,0
458,136,Kwahe-e Black-on-white,Northern Rio Grande White Ware,0,1,bichrome,0,0,1125,1200,1,1,0,Boyd Dyer 2008,,NA
706,184,Pindi Black-on-white,Northern Rio Grande White Ware,0,1,bichrome,0,0,1300,1400,1,1,0,Habicht-Mauche 1993,,NA
744,978,Poge Black-on-white,Northern Rio Grande White Ware,0,1,bichrome,0,0,1300,1425,1,1,0,,,0
909,965,Sankawi Black-on-cream,Northern Rio Grande White Ware,0,1,bichrome,0,0,1500,1690,1,1,0,,,0
919,245,Santa Fe Black-on-white,Northern Rio Grande White Ware,0,1,bichrome,0,0,1200,1350,1,1,0,Boyd Dyer 2008,,NA
920,992,Santa Fe/Wiyo Black-on-white,Northern Rio Grande White Ware,0,1,bichrome,0,0,1150,1450,1,1,0,,,0
1176,206,Wiyo Black-on-white,Northern Rio Grande White Ware,0,1,bichrome,0,0,1300,1400,1,1,0,Boyd Dyer 2008,,NA
666,1623,Papago Black-on-red,Papago Ware,0,1,bichrome,0,0,1771,1920,1,1,NA,Fontana et al. 1962; Doelle 1983; Hiedke 2004,added by A. Torvinen (2/29/16) for CON Project; dates provided by L. Borck,NA
669,1622,Papago Red-on-buff,Papago Ware,0,1,bichrome,0,0,1700,1930,1,1,NA,Fontana et al. 1962; Hiedke 2004,added by A. Torvinen (2/29/16) for CON Project; dates provided by L. Borck,NA
27,8,Aquarius Black-on-orange,Prescott Gray Ware,0,1,bichrome,0,0,1000,1100,1,1,0,Windes 1977,,NA
755,1142,Prescott Black-on-gray,Prescott Gray Ware,0,1,bichrome,0,0,1250,1400,1,1,NA,,,0
1102,522,Tuzigoot Black-on-grey,Prescott Gray Ware,0,1,bichrome,0,0,1150,1425,1,1,0,Colton and Hargrave 1937; Barnett 1974,,NA
1124,376,Verde Black-on-gray,Prescott Gray Ware,0,1,bichrome,0,0,1050,1300,1,1,0,Windes 1977,,NA
1127,526,Verde Red-on-buff,Prescott Gray Ware,0,1,bichrome,0,0,1150,1425,1,1,0,Colton and Hargrave 1937; Barnett 1974,,NA
937,248,Showlow Black-on-red,Puerco Valley Red Ware,0,1,bichrome,1,0,1030,1200,1,1,1,Gladwin 1931; Colton and Hargrave 1937; Hays-Gilpin 1998,,NA
938,249,Showlow Black-on-red Corrugated,Puerco Valley Red Ware,0,1,bichrome,1,1,1050,1200,1,1,0,Hays-Gilpin 1998,,NA
781,1677,Rancihtos Polychrome,Puname District Polychrome Ware,0,1,polychrome,0,0,1760,1825,1,1,0,,,0
903,990,San Pablo Polychrome,Puname District Polychrome Ware,0,1,polychrome,0,0,1750,1850,1,1,0,,,0
912,991,Santa Ana Polychrome,Puname District Polychrome Ware,0,1,polychrome,0,0,1890,1930,1,1,0,,,0
272,823,Elmendorf Black-on-white,Rio Abajo White Ware,0,1,bichrome,0,0,1100,1275,1,1,0,Marshall and Walt 1984; Wilson 2013,,NA
519,824,Magdelena Black-on-white,Rio Abajo White Ware,0,1,bichrome,0,0,1240,1300,1,1,0,Bertram 1990; Warren 1974,,NA
897,714,San Marcial Black-on-White,Rio Abajo White Ware,0,1,bichrome,0,0,750,950,1,1,0,Habicht-Mauche 1993,,NA
968,257,Socorro Black-on-white,Rio Abajo White Ware,0,1,bichrome,0,0,1050,1300,1,1,0,Habicht-Mauche 1993,,NA
8,5,Agua Fria Glaze-on-red (Glaze A),Rio Grande Glaze Ware,0,1,bichrome,1,0,1313,1500,1,1,1,Eckert 2006,,NA
36,946,Arenal Glaze Polychrome (Glaze A),Rio Grande Glaze Ware,0,1,polychrome,1,0,1300,1350,1,1,0,,,0
190,403,Cicuye Glaze Polychrome (Glaze F),Rio Grande Glaze Ware,0,1,polychrome,1,0,1520,1700,1,1,0,Eckert 2006,,NA
191,402,Cicuye Glaze-on-red (Glaze F),Rio Grande Glaze Ware,0,1,bichrome,1,0,1520,1700,1,1,0,Eckert 2006,,NA
192,49,Cieneguilla Glaze Polychrome (Glaze A),Rio Grande Glaze Ware,0,1,polychrome,0,0,1321,1450,1,1,1,Eckert 2006,,NA
193,50,Cieneguilla Glaze-on-yellow (Glaze A),Rio Grande Glaze Ware,0,1,bichrome,0,0,1321,1450,1,1,1,Eckert 2006,,NA
275,396,Encierro Glaze Polychrome (Glaze E),Rio Grande Glaze Ware,0,1,polychrome,0,0,1480,1630,1,1,1,Eckert 2006,,NA
282,394,Escondido Glaze Polychrome (Glaze E),Rio Grande Glaze Ware,0,1,polychrome,0,0,1480,1630,1,1,1,Eckert 2006,,NA
283,78,Espinosa Glaze Polychrome (Glaze C),Rio Grande Glaze Ware,0,1,polychrome,1,0,1410,1600,1,1,1,Eckert 2006,,NA
284,950,"Espinosa Glaze, Undifferentiated (Glaze C)",Rio Grande Glaze Ware,0,1,undifferentiated dec,0,0,1450,1500,1,1,0,,,0
285,390,Espinosa Glaze-on-red (Glaze C),Rio Grande Glaze Ware,0,1,bichrome,1,0,1410,1600,1,1,1,Eckert 2006,,NA
286,951,Espinosa Glaze-on-yellow (Glaze C),Rio Grande Glaze Ware,0,1,undifferentiated dec,0,0,1450,1500,1,1,0,,,0
349,383,Hidden Mountain Polychrome,Rio Grande Glaze Ware,0,1,polychrome,0,0,1400,1450,1,1,1,Eckert 2006,,NA
449,399,Kotyiti Glaze Polychrome (Glaze F),Rio Grande Glaze Ware,0,1,polychrome,1,0,1520,1700,1,1,0,Eckert 2006,,NA
450,967,"Kotyiti Glaze, Undifferentiated (Glaze F)",Rio Grande Glaze Ware,0,1,undifferentiated dec,0,0,1640,1720,1,1,0,,,0
451,135,Kotyiti Glaze-on-red (Glaze F),Rio Grande Glaze Ware,0,1,bichrome,1,0,1520,1700,1,1,0,Eckert 2006,,NA
452,398,Kotyiti Glaze-on-yellow (Glaze F),Rio Grande Glaze Ware,0,1,bichrome,0,0,1520,1700,1,1,0,Eckert 2006,,NA
457,391,Kuaua Glaze Polychrome (Glaze C),Rio Grande Glaze Ware,0,1,polychrome,0,0,1410,1600,1,1,1,Eckert 2006,,NA
467,388,Largo Glaze Polychrome (Glaze B),Rio Grande Glaze Ware,0,1,polychrome,0,0,1400,1450,1,1,0,Boyd Dyer 2008,,NA
468,968,"Largo Glaze, Undifferentiated (Glaze B)",Rio Grande Glaze Ware,0,1,undifferentiated dec,0,0,1400,1450,1,1,0,,,0
469,387,Largo Glaze-on-red (Glaze B),Rio Grande Glaze Ware,0,1,bichrome,1,0,1400,1450,1,1,0,Boyd Dyer 2008,,NA
470,144,Largo Glaze-on-yellow (Glaze B),Rio Grande Glaze Ware,0,1,bichrome,0,0,1400,1450,1,1,0,Boyd Dyer 2008,,NA
515,151,Los Padillas Glaze Polychrome (Glaze A),Rio Grande Glaze Ware,0,1,polychrome,1,0,1175,1300,1,1,0,Boyd Dyer 2008,,NA
544,389,Medio Glaze Polychrome (Glaze B),Rio Grande Glaze Ware,0,1,polychrome,0,0,1425,1475,1,1,0,Boyd Dyer 2008,,NA
678,971,Pecos Glaze Polychrome (Glaze E),Rio Grande Glaze Ware,0,1,polychrome,0,0,1500,1650,1,1,0,,,0
679,397,Pecos Glaze Polychrome(Glaze E),Rio Grande Glaze Ware,0,1,polychrome,1,0,1480,1630,1,1,1,Eckert 2006,,NA
680,972,"Pecos Glaze, Undifferentiated (Glaze E)",Rio Grande Glaze Ware,0,1,undifferentiated dec,0,0,1500,1650,1,1,0,,,0
681,973,Pecos Glaze-on-red (Glaze E),Rio Grande Glaze Ware,0,1,bichrome,0,0,1500,1650,1,1,0,,,0
682,974,Pecos Glaze-on-yellow (Glaze E),Rio Grande Glaze Ware,0,1,bichrome,0,0,1500,1650,1,1,0,,,0
748,405,Polvadera Glaze-on-red (Glaze F),Rio Grande Glaze Ware,0,1,bichrome,1,0,1520,1700,1,1,0,Eckert 2006,,NA
749,406,Polvadera Glaze-on-yellow (Glaze F),Rio Grande Glaze Ware,0,1,bichrome,0,0,1520,1700,1,1,0,Eckert 2006,,NA
752,382,Pottery Mound Polychrome,Rio Grande Glaze Ware,0,1,polychrome,0,0,1400,1490,1,1,0,Boyd Dyer 2008,,NA
758,393,Puaray Glaze Polychrome (Glaze E),Rio Grande Glaze Ware,0,1,polychrome,0,0,1480,1630,1,1,1,Eckert 2006,,NA
759,980,"Puaray Glaze, Undifferentiated (Glaze E)",Rio Grande Glaze Ware,0,1,undifferentiated dec,0,0,1515,1650,1,1,0,,,0
760,214,Puaray Glaze-on-red (Glaze E),Rio Grande Glaze Ware,0,1,bichrome,1,0,1480,1630,1,1,1,Eckert 2006,,NA
761,392,Puaray Glaze-on-yellow (Glaze E),Rio Grande Glaze Ware,0,1,bichrome,0,0,1480,1630,1,1,1,Eckert 2006,,NA
775,981,Puname Polychrome,Rio Grande Glaze Ware,0,1,polychrome,0,0,1700,1750,1,1,0,,,0
811,1008,"Rio Grande Glaze (Glaze A), Undifferentiated",Rio Grande Glaze Ware,0,1,undifferentiated dec,0,0,1313,1500,1,1,0,,,0
812,1669,"Rio Grande Glaze (Glaze AB), Undifferentiated",Rio Grande Glaze Ware,0,1,undifferentiated dec,0,0,1313,1500,1,1,0,,,0
813,1673,"Rio Grande Glaze (Glaze ABC), Undifferentiated",Rio Grande Glaze Ware,0,1,undifferentiated dec,0,0,1313,1600,1,1,0,,,0
814,1009,"Rio Grande Glaze (Glaze B), Undifferentiated",Rio Grande Glaze Ware,0,1,undifferentiated dec,0,0,1400,1500,1,1,0,,,0
815,1010,"Rio Grande Glaze (Glaze C), Undifferentiated",Rio Grande Glaze Ware,0,1,undifferentiated dec,0,0,1410,1600,1,1,0,,,0
816,1014,"Rio Grande Glaze (Glaze CD), Undifferentiated",Rio Grande Glaze Ware,0,1,undifferentiated dec,0,0,1410,1600,1,1,0,,,0
817,1011,"Rio Grande Glaze (Glaze D), Undifferentiated",Rio Grande Glaze Ware,0,1,undifferentiated dec,0,0,1460,1550,1,1,0,,,0
818,1012,"Rio Grande Glaze (Glaze E), Undifferentiated",Rio Grande Glaze Ware,0,1,undifferentiated dec,0,0,1480,1630,1,1,0,,,0
819,1015,"Rio Grande Glaze (Glaze EF), Undifferentiated",Rio Grande Glaze Ware,0,1,undifferentiated dec,0,0,1480,1700,1,1,0,,,0
820,1013,"Rio Grande Glaze (Glaze F), Undifferentiated",Rio Grande Glaze Ware,0,1,undifferentiated dec,0,0,1575,1700,1,1,0,,,0
821,1004,"Rio Grande Glaze Polychrome, Undifferentiated",Rio Grande Glaze Ware,0,1,polychrome,0,0,1313,1700,0,0,0,,,0
822,341,"Rio Grande Glaze, Undifferentiated",Rio Grande Glaze Ware,0,1,undifferentiated dec,0,0,1313,1700,0,0,0,,,NA
823,1041,"Rio Grande Glaze-on-buff, Undifferentiated",Rio Grande Glaze Ware,0,1,bichrome,0,0,1313,1700,0,0,0,,,0
824,1005,"Rio Grande Glaze-on-red, Undifferentiated",Rio Grande Glaze Ware,0,1,bichrome,1,0,1313,1700,0,0,0,,,0
825,1006,"Rio Grande Glaze-on-white, Undifferentiated",Rio Grande Glaze Ware,0,1,bichrome,0,0,1313,1700,0,0,0,,,0
826,1007,"Rio Grande Glaze-on-yellow, Undifferentiated",Rio Grande Glaze Ware,0,1,bichrome,0,0,1313,1700,0,0,0,,,0
886,237,San Clemente Glaze Polychrome (Glaze A),Rio Grande Glaze Ware,0,1,polychrome,0,0,1325,1425,1,1,0,Boyd Dyer 2008,,NA
893,239,San Lazaro Glaze Polychrome (Glaze D),Rio Grande Glaze Ware,0,1,polychrome,1,0,1470,1515,1,1,0,Boyd Dyer 2008,,NA
894,986,"San Lazaro Glaze, Undifferentiated (Glaze D)",Rio Grande Glaze Ware,0,1,undifferentiated dec,0,0,1475,1525,1,1,0,,,0
895,987,San Lazaro Glaze-on-red (Glaze D),Rio Grande Glaze Ware,0,1,bichrome,1,0,1475,1525,1,1,0,,,0
896,988,San Lazaro Glaze-on-yellow (Glaze D),Rio Grande Glaze Ware,0,1,bichrome,0,0,1475,1525,1,1,0,,,0
898,401,San Marcos Glaze Polychrome (Glaze F),Rio Grande Glaze Ware,0,1,polychrome,1,0,1520,1700,1,1,0,Eckert 2006,,NA
899,989,San Marcos Glaze-on-red (Glaze C),Rio Grande Glaze Ware,0,1,bichrome,1,0,1425,1550,1,1,0,,,0
900,400,San Marcos Glaze-on-red (Glaze F),Rio Grande Glaze Ware,0,1,bichrome,1,0,1520,1700,1,1,0,Eckert 2006,,NA
905,386,Sanchez Glaze Polychrome (Glaze A),Rio Grande Glaze Ware,0,1,polychrome,1,0,1350,1425,1,1,0,Boyd Dyer 2008,,NA
906,384,Sanchez Glaze-on-red (Glaze A),Rio Grande Glaze Ware,0,1,bichrome,1,0,1350,1425,1,1,0,Boyd Dyer 2008,,NA
907,385,Sanchez Glaze-on-yellow (Glaze A),Rio Grande Glaze Ware,0,1,bichrome,0,0,1350,1425,1,1,0,Boyd Dyer 2008,,NA
1031,395,Tiguex Glaze Polychrome (Glaze E),Rio Grande Glaze Ware,0,1,polychrome,0,0,1480,1630,1,1,1,Eckert 2006,,NA
1037,993,Tonque Glaze-on-polychrome (Glaze C),Rio Grande Glaze Ware,0,1,polychrome,0,0,1425,1550,1,1,0,,,0
1045,279,Trenequel Glaze Polychrome (Glaze E),Rio Grande Glaze Ware,0,1,polychrome,0,0,1480,1630,1,1,1,Eckert 2006,,NA
1183,404,Yunque Glaze-on-red (Glaze F),Rio Grande Glaze Ware,0,1,bichrome,1,0,1520,1700,1,1,0,Eckert 2006,,NA
97,32,Casa Colorado Black-on-white,Rio Grande White Ware,0,1,bichrome,0,0,1150,1400,1,1,0,Hawley 1936; Atwood 1974; Dittert and Plog 1980,,NA
838,342,"Rio Grande White ware, Undifferentiated",Rio Grande White Ware,0,0,bichrome,0,0,1050,1672,0,0,0,,,NA
851,983,Rowe Black-on-white,Rio Grande White Ware,0,1,bichrome,0,0,1300,1425,1,1,0,,,0
209,55,Cliff Polychrome,Roosevelt Red Ware,0,1,polychrome,1,0,1350,1450,1,1,0,Lyons 2004,,NA
210,56,"Cliff Polychrome, Corrugated",Roosevelt Red Ware,0,1,polychrome,1,1,1350,1450,1,1,0,,dates from P. Lyons,NA
211,513,Cliff White-on-red,Roosevelt Red Ware,0,1,bichrome,1,0,1350,1450,1,1,0,Neuzil and Lyons 2006,,NA
212,601,Cliff/Nine-mile Polychrome,Roosevelt Red Ware,0,1,polychrome,1,0,1350,1450,1,1,0,,,NA
248,68,Dinwiddie Polychrome,Roosevelt Red Ware,0,1,polychrome,1,0,1350,1450,1,1,0,Lyons 2004,,1
307,88,Gila Black-on-red,Roosevelt Red Ware,0,1,bichrome,1,0,1300,1375,1,1,0,Breternitz 1966,,NA
320,91,Gila Polychrome,Roosevelt Red Ware,0,1,polychrome,1,0,1325,1450,1,1,0,Lyons 2004; Jeff Clark (pc),includes Patrick Lyon's Whiteriver polychrome:Gila variety type,NA
325,602,Gila/Cliff Polychrome,Roosevelt Red Ware,0,1,polychrome,1,0,1325,1450,1,1,0,see pure types,,NA
328,480,Gila/Tonto Polychrome,Roosevelt Red Ware,0,1,polychrome,1,0,1325,1450,1,1,0,Lyons 2004,Either/or,NA
475,690,"Late Roosevelt Polychrome, Undifferentiated",Roosevelt Red Ware,0,1,polychrome,0,0,1350,1450,1,1,0,Lyons (personal communication),,NA
514,433,Los Muertos Polychrome,Roosevelt Red Ware,0,1,polychrome,1,0,1375,1450,1,1,0,Neuzil and Lyons 2005,,NA
636,172,Ninemile Polychrome,Roosevelt Red Ware,0,1,polychrome,1,0,1350,1450,1,1,0,Lyons 2004,,NA
687,181,Phoenix Polychrome,Roosevelt Red Ware,0,1,polychrome,1,0,1350,1450,1,1,0,Lyons 2004,,NA
713,191,Pinto Black-on-red,Roosevelt Red Ware,0,1,bichrome,1,0,1275,1300,1,1,0,DiPeso 1958; Cunkle 1994,,NA
714,900,Pinto Black-on-red or Polychrome,Roosevelt Red Ware,0,1,polychrome,1,0,1280,1330,1,1,0,,,NA
715,192,"Pinto Black-on-red, Corrugated",Roosevelt Red Ware,0,1,bichrome,1,1,1275,1300,1,1,0,,dates from P. Lyons,NA
716,193,Pinto Polychrome,Roosevelt Red Ware,0,1,polychrome,1,0,1280,1330,1,1,0,Lyons 2004,,NA
717,606,Pinto/Gila Black-on-red,Roosevelt Red Ware,0,1,bichrome,1,0,1275,1375,1,1,0,see pure types,pinto or gila indeterminate,NA
718,194,Pinto/Gila Polychrome,Roosevelt Red Ware,0,1,polychrome,1,0,1300,1450,1,1,0,,dates from P. Lyons,NA
719,605,Pinto-Gila Black-on-red,Roosevelt Red Ware,0,1,bichrome,1,0,1275,1375,1,1,0,Jeff Clark (personal communication),,NA
720,604,Pinto-Gila Polychrome,Roosevelt Red Ware,0,1,polychrome,1,0,1300,1350,1,1,0,Jeff Clark (personal communication),,NA
721,195,Pinto-Gila Polychrome A,Roosevelt Red Ware,0,1,polychrome,1,0,1300,1350,1,1,0,,dates from P. Lyons,NA
722,196,Pinto-Gila Polychrome B,Roosevelt Red Ware,0,1,polychrome,1,0,1300,1350,1,1,0,,dates from P. Lyons,NA
840,343,"Roosevelt Black-on-red, Undifferentiated",Roosevelt Red Ware,0,1,bichrome,1,0,1275,1375,1,1,0,,,NA
842,344,"Roosevelt Polychrome, Undifferentiated",Roosevelt Red Ware,0,1,polychrome,1,0,1280,1450,1,1,0,,,NA
844,346,"Roosevelt White-on-red, Undifferentiated",Roosevelt Red Ware,0,1,bichrome,1,0,1300,1350,1,1,0,,,NA
1038,275,Tonto Polychrome,Roosevelt Red Ware,0,1,polychrome,1,0,1350,1450,1,1,0,,Lyons 2004 says 1340-1400; includes Lyons' Whiteriver poly: tonto variety,NA
1040,276,Tonto-Cliff Polychrome,Roosevelt Red Ware,0,1,polychrome,1,0,1340,1450,1,1,0,,dates from P. Lyons,NA
1151,943,Whiteriver Polychrome,Roosevelt Red Ware,0,1,polychrome,1,0,1360,1450,1,1,0,Patrick Lyons,,0
866,232,Salado White-on-red,Salado Series,0,1,bichrome,1,0,1150,1450,1,1,0,,dates from P. Lyons,NA
884,236,San Carlos Red-on-brown,San Carlos Brown Ware,0,1,bichrome,0,0,1250,1450,1,1,0,Lyons 2004,,NA
885,202,San Carlos Red-on-white,San Carlos Brown Ware,0,1,bichrome,1,0,1250,1450,1,1,0,Lyons 2004,,NA
240,65,Deadmans Black-on-gray,San Francisco Mountain Gray Ware,0,1,bichrome,0,0,900,1100,1,1,0,Colton 1958,,NA
298,82,Floyd Black-on-gray,San Francisco Mountain Gray Ware,0,1,bichrome,0,0,700,900,1,1,0,Colton 1958,,NA
1,832,Abajo Polychrome,San Juan Red Ware,0,1,polychrome,1,0,850,925,1,1,0,SW Virtual Museum,,NA
2,1,Abajo Red-on-orange,San Juan Red Ware,0,1,bichrome,1,0,760,880,1,1,0,Jim Allison; Lucius and Breternitz 1981; ALP project; CCAC Manual,,NA
78,26,Bluff Black-on-red,San Juan Red Ware,0,1,bichrome,1,0,800,925,1,1,0,Hurst 2009,,NA
239,64,Deadmans (La Plata) Black-on-red,San Juan Red Ware,0,1,bichrome,1,0,880,1050,1,1,0,Hurst 2009; CCAC Manual,,NA
540,866,McPhee Black-on-red,San Juan Red Ware,0,1,bichrome,1,0,800,925,1,1,0,CCAC Website,,NA
572,1135,Middleton Black-on-red,San Juan Red Ware,0,1,bichrome,1,0,900,1130,1,1,NA,Colton 1956,,0
573,1136,Middleton Polychrome,San Juan Red Ware,0,1,polychrome,1,0,900,1130,1,1,NA,Colton 1956,,0
574,1137,Middleton Red,San Juan Red Ware,0,1,undifferentiated dec,1,0,900,1130,1,1,NA,Colton 1956,,0
890,347,"San Juan Black-on-red, Undifferentiated",San Juan Red Ware,0,0,bichrome,1,0,700,1050,0,0,0,,,NA
891,348,"San Juan Red ware, Undifferentiated",San Juan Red Ware,0,0,undifferentiated dec,1,0,700,1050,0,0,0,,,NA
108,40,Cerros Red-on-white,San Simon Series,0,1,bichrome,0,0,800,1000,1,1,0,Heckman et al. 2000; Sayles 1945,,NA
254,70,Dos Cabezas Red-on-brown,San Simon Series,0,1,bichrome,0,0,650,800,1,1,0,Heckman et al. 2000,,NA
255,609,Dos Cabezas/Pinaleno Red-on-brown,San Simon Series,0,1,bichrome,0,0,650,900,1,1,0,see pure types,,NA
276,76,Encinas Red-on-brown,San Simon Series,0,1,bichrome,0,0,950,1200,1,1,0,Heckman et al. 2000,,NA
277,615,Encinas Red-on-white,San Simon Series,0,1,bichrome,0,0,950,1200,1,1,0,Heckman et al. 2000,,NA
301,85,Galiuro Red-on-brown,San Simon Series,0,1,bichrome,0,0,700,900,1,1,0,Heckman et al. 2000,,NA
302,610,Galiuro/Encinas Red-on-brown,San Simon Series,0,1,bichrome,0,0,700,1200,1,1,0,see pure types,,NA
704,614,Pinaleno Red-on-brown,San Simon Series,0,1,bichrome,0,0,700,800,1,1,0,Heckman et al. 2000,,NA
705,613,Pinaleno/Galiuro Red-on-brown,San Simon Series,0,1,bichrome,0,0,700,900,1,1,0,Heckman et al. 2000,,NA
904,349,"San Simon Red-on-brown, Undifferentiated",San Simon Series,0,1,bichrome,0,0,650,1200,0,0,0,,,NA
107,1022,Cerro Colorado Polychrome,Sayula Ware,0,1,polychrome,0,0,550,1100,0,1,0,,,0
945,677,Sichomovi Black-on-red,Sichomovi Red Ware,0,1,bichrome,1,0,1900,1950,1,1,0,Colton 1956,,NA
94,1019,Carmen Red-on-gray,Sonoran Gray Ware,0,1,bichrome,0,0,NA,NA,0,0,0,,,0
995,1033,Talpa Black-on-white,Taos White Ware,0,1,bichrome,0,0,1250,1400,1,1,NA,OAS Website,,0
1002,269,Taos Black-on-white,Taos White Ware,0,1,bichrome,0,0,1150,1250,1,1,0,Mera 1935; Wetherington 1968; Dittert and Plog 1980,,NA
1044,1034,Trampas Black-on-white,Taos White Ware,0,1,bichrome,0,0,1575,1696,1,1,NA,OAS Website,,0
1116,1035,Vadito Black-on-white,Taos White Ware,0,1,bichrome,0,0,1325,1600,1,1,NA,OAS Website,,0
484,146,Lincoln Black-on-red,Three Rivers Red Ware,0,1,bichrome,1,0,1300,1400,1,1,0,Human Systems Research 1973,,NA
876,1054,San Andres Red-on-terracotta,Three Rivers Red Ware,0,1,bichrome,0,0,750,1150,1,1,NA,,,0
1029,1023,"Three Rivers Red, Undifferentiated",Three Rivers Red Ware,0,1,undifferentiated dec,1,0,1125,1400,1,1,0,,,0
1030,273,Three Rivers Red-on-terracotta,Three Rivers Red Ware,0,1,bichrome,0,0,1125,1300,1,1,0,Human Systems Research 1973; Smiley 1978,,NA
26,7,Aquarius Black-on-brown,Tizon Brown Ware,0,1,bichrome,0,0,900,1890,1,1,0,Dobyns and Euler 1958,,NA
104,37,Cerbat Black-on-brown,Tizon Brown Ware,0,1,bichrome,0,0,700,1890,1,1,0,Dobyns and Euler 1958,"""Unknown date""",NA
106,39,Cerbat Red-on-brown,Tizon Brown Ware,0,1,bichrome,0,0,700,1890,1,1,0,,,NA
637,173,Nogales Polychrome,Trincheras Series,0,1,polychrome,0,0,700,1150,1,1,0,Heckman et al. 2000,,NA
915,242,Santa Cruz Polychrome,Trincheras Series,0,1,polychrome,0,0,1350,1450,1,1,0,DiPeso 1956,,NA
1048,281,Trincheras Polychrome,Trincheras Series,0,1,polychrome,0,0,700,1150,1,1,0,Heckman et al. 2000; Haury 1950?,"Heckman et al. 2000 says all Trincheras is AD 700-1150, but not well dated",NA
1049,282,Trincheras Purple-on-red,Trincheras Series,0,1,bichrome,1,0,700,1150,1,1,0,Heckman et al. 2000; Haury 1950?,,NA
1051,352,"Trincheras type, Undifferentiated",Trincheras Series,0,1,undifferentiated dec,0,0,700,1150,0,0,0,Heckman et al. 2000; Haury 1950?,,NA
22,1002,Amusovi Polychrome,Tsegi Orange Ware,0,1,polychrome,1,0,1110,1320,1,1,0,SW Virtual Museum,,NA
87,29,Cameron Polychrome,Tsegi Orange Ware,1,1,polychrome,1,0,1040,1170,1,1,0,SW Virtual Museum,,NA
88,668,Cameron/Tusayan Polychrome,Tsegi Orange Ware,0,1,polychrome,1,0,1040,1320,1,1,0,SW Virtual Museum,,NA
194,51,Citadel Polychrome,Tsegi Orange Ware,0,1,polychrome,1,0,1040,1200,1,1,0,SW Virtual Museum,,NA
195,669,Citadel/Tusayan Polychrome,Tsegi Orange Ware,0,1,polychrome,1,0,1040,1320,1,1,0,SW Virtual Museum,,NA
250,726,Dogoszhi Polychrome,Tsegi Orange Ware,1,1,polychrome,1,0,1040,1320,1,1,0,SW Virtual Museum,,NA
420,125,Kayenta Polychrome,Tsegi Orange Ware,0,1,polychrome,1,0,1250,1320,1,1,0,SW Virtual Museum,,NA
429,130,Kiet Siel Black-on-red,Tsegi Orange Ware,0,1,bichrome,1,0,1250,1320,1,1,0,SW Virtual Museum,,NA
431,131,Kiet Siel Polychrome,Tsegi Orange Ware,0,1,polychrome,1,0,1250,1320,1,1,0,SW Virtual Museum,,NA
541,160,Medicine Black-on-red,Tsegi Orange Ware,0,1,bichrome,1,0,1040,1170,1,1,0,SW Virtual Museum,,NA
543,881,Medicine/Tusayan Black-on-red,Tsegi Orange Ware,0,1,bichrome,1,0,1040,1240,1,1,0,combined types,,NA
1052,284,Tsegi Black-on-orange,Tsegi Orange Ware,0,1,bichrome,1,0,1225,1300,1,1,0,SW Virtual Museum,,NA
1053,353,"Tsegi Black-on-red, Undifferentiated",Tsegi Orange Ware,0,0,bichrome,1,0,1040,1320,1,0,0,SW Virtual Museum,,NA
1054,285,Tsegi Orange,Tsegi Orange Ware,0,0,undifferentiated dec,1,0,1250,1300,1,1,0,SW Virtual Museum,,NA
1055,355,"Tsegi Orange Ware, Undifferentiated",Tsegi Orange Ware,0,0,undifferentiated dec,1,0,1000,1300,1,0,0,SW Virtual Museum,,NA
1056,286,Tsegi Polychrome,Tsegi Orange Ware,0,0,polychrome,1,0,1225,1300,1,1,0,SW Virtual Museum,,NA
1057,354,"Tsegi Polychrome, Undifferentiated",Tsegi Orange Ware,0,0,polychrome,1,0,1040,1320,1,0,0,SW Virtual Museum,,NA
1058,287,Tsegi Red-on-orange,Tsegi Orange Ware,0,0,bichrome,1,0,1200,1300,1,1,0,SW Virtual Museum,,NA
1074,295,Tusayan A Polychrome,Tsegi Orange Ware,0,1,polychrome,1,0,1110,1320,1,1,0,SW Virtual Museum,,NA
1075,296,Tusayan B Polychrome,Tsegi Orange Ware,0,1,polychrome,1,0,1110,1320,1,1,0,SW Virtual Museum,,NA
1076,297,Tusayan Black-on-red,Tsegi Orange Ware,1,1,bichrome,1,0,1045,1240,1,1,0,SW Virtual Museum,,NA
1093,428,Tusayan Polychrome,Tsegi Orange Ware,0,1,polychrome,1,0,1110,1320,1,1,0,SW Virtual Museum,,NA
89,30,Canada del Oro Red-on-brown,Tucson Basin Brown Ware,0,1,bichrome,0,0,700,800,1,1,0,Heckman et al. 2000,,NA
90,588,Caada del Oro/Rillito Red-on-brown,Tucson Basin Brown Ware,0,1,bichrome,0,0,700,950,1,1,0,see references for pure types.,,NA
91,591,Caada del Oro/Rillito/Rincon Red-on-brown,Tucson Basin Brown Ware,0,1,bichrome,0,0,700,1150,1,1,0,see references for pure types.,,NA
92,31,Canada del Oro-Gila Butte Red-on-brown,Tucson Basin Brown Ware,0,1,bichrome,1,0,700,850,1,1,0,,combining dates from Gila Butte and Canada del Oro,NA
313,90,Gila Butte-Canada del Oro style Red-on-brown,Tucson Basin Brown Ware,0,1,bichrome,0,0,700,850,1,1,0,,combining dates from Gila Butte and Canada del Oro,NA
796,221,Rillito Red-on-brown,Tucson Basin Brown Ware,0,1,bichrome,0,0,800,950,1,1,0,Heckman et al. 2000,,NA
797,680,"Rillito Red-on-brown, White Slip",Tucson Basin Brown Ware,0,1,bichrome,0,0,800,950,1,1,0,see non slipped type,,NA
798,589,Rillito/Rincon Red-on-brown,Tucson Basin Brown Ware,0,1,bichrome,0,0,800,1150,1,1,0,see references for pure types.,,NA
799,682,"Rillito/Rincon Red-on-brown, White Slip",Tucson Basin Brown Ware,0,1,bichrome,0,0,800,1150,1,1,0,see non slipped type,,NA
800,223,Rincon Polychrome,Tucson Basin Brown Ware,0,1,polychrome,0,0,1000,1100,1,1,0,Heckman et al. 2000,,NA
802,225,Rincon Red-on-brown,Tucson Basin Brown Ware,0,1,bichrome,0,0,950,1150,1,1,0,Heckman et al. 2000,,NA
803,681,"Rincon Red-on-brown, White Slip",Tucson Basin Brown Ware,0,1,bichrome,0,0,950,1150,1,1,0,see non slipped type,,NA
804,590,Rincon/Tanque Verde Red-on-brown,Tucson Basin Brown Ware,0,1,bichrome,0,0,950,1350,1,1,0,see references for pure types.,,NA
805,683,"Rincon/Tanque Verde Red-on-brown, White Slip",Tucson Basin Brown Ware,0,1,bichrome,0,0,950,1350,1,1,0,see non slipped type,,NA
839,227,Rio Rico Polychrome,Tucson Basin Brown Ware,0,1,polychrome,0,0,850,1000,1,1,0,Doyel 1977,,NA
862,230,Sacaton-Rincon style Red-on-brown,Tucson Basin Brown Ware,0,1,bichrome,0,0,950,1150,1,1,0,,,NA
962,255,Snaketown style Red-on-brown,Tucson Basin Brown Ware,0,1,bichrome,0,0,700,750,1,1,0,Dean 1991,,NA
988,264,Sweetwater style Red-on-brown,Tucson Basin Brown Ware,0,1,bichrome,0,0,600,700,1,1,0,Dean 1991,,NA
996,592,Tanque Verde Black-on-brown,Tucson Basin Brown Ware,0,1,bichrome,0,0,1150,1350,1,1,0,Gregonis (2011),,NA
997,593,Tanque Verde Black-on-white,Tucson Basin Brown Ware,0,1,bichrome,0,0,1150,1350,1,1,0,Gregonis (2011),,NA
998,267,Tanque Verde Polychrome,Tucson Basin Brown Ware,0,1,polychrome,0,0,1150,1300,1,1,0,Heckman et al. 2000,,NA
999,268,Tanque Verde Red-on-brown,Tucson Basin Brown Ware,0,1,bichrome,0,0,1150,1350,1,1,0,Heckman et al. 2000,,NA
1000,684,"Tanque Verde Red-on-brown, White Slip",Tucson Basin Brown Ware,0,1,bichrome,0,0,1150,1350,1,1,0,see non slipped type,,NA
1059,357,"Tucson Basin Brown Ware, Undifferentiated",Tucson Basin Brown Ware,0,1,bichrome,0,0,700,1350,0,0,0,,,NA
1060,358,"Tucson Basin Red-on-brown, Undifferentiated",Tucson Basin Brown Ware,0,1,bichrome,0,0,700,1350,0,0,0,,,NA
1122,1691,Vamori Red-on-brown,Tucson Basin Brown Ware,0,1,bichrome,0,0,800,1100,1,1,0,,,0
487,148,Lino Black-on-gray (Tusayan),Tusayan Gray Ware,0,1,bichrome,0,0,600,850,1,1,0,Hays-Gilpin and Van Hartesveldt 1998,,NA
57,20,Betatakin Black-on-white,Tusayan White Ware,0,1,bichrome,0,0,1260,1300,1,1,0,Colton and Hargrave 1937; Colton 1955; Dittert and Plog 1980,,NA
65,24,Black Mesa Black-on-white,Tusayan White Ware,0,1,bichrome,0,0,1000,1100,1,1,0,Ambler 1985; Christenson and Bender 1985; Colton 1955; Dean 1991,,NA
68,636,Black Mesa/Flagstaff Black-on-white,Tusayan White Ware,0,1,bichrome,0,0,1000,1220,1,1,0,see pure types,,NA
69,554,Black Mesa/Sosi Black-on-white,Tusayan White Ware,0,1,bichrome,0,0,1000,1180,1,1,0,Hays-Gilpin and Van Hartesveldt 1998,,NA
249,69,Dogoszhi Black-on-white,Tusayan White Ware,1,1,bichrome,0,0,1040,1210,1,1,0,Ambler 1985; Christenson and Bender 1985; Colton 1955; Dean 1991,,NA
296,81,Flagstaff Black-on-white,Tusayan White Ware,0,1,bichrome,0,0,1150,1220,1,1,0,Ambler 1985; Christenson and Bender 1985; Colton 1955; Dean 1991,,NA
412,122,Kana-a Black-on-white,Tusayan White Ware,0,1,bichrome,0,0,825,1000,1,1,0,Ambler 1985; Christenson and Bender 1985; Colton 1955; Dean 1991,,NA
415,637,Kana-a/Black Mesa Black-on-white,Tusayan White Ware,0,1,bichrome,0,0,800,1100,1,1,0,see pure types,,NA
419,124,Kayenta Black-on-white,Tusayan White Ware,0,1,bichrome,0,0,1250,1300,1,1,0,Dittert and Plog 1980,,NA
493,926,Lino/Kana'a Black-on-White,Tusayan White Ware,0,1,bichrome,0,0,660,1050,1,1,NA,,,0
934,247,Shato Black-on-white,Tusayan White Ware,0,1,bichrome,0,1,1025,1150,1,1,0,Colton 1955; Dittert and Eddy 1963,,NA
974,258,Sosi Black-on-white,Tusayan White Ware,0,1,bichrome,0,0,1070,1180,1,1,0,Ambler 1985; Christenson and Bender 1985; Colton 1955; Dean 1991,,NA
975,557,Sosi/Dogozhi Black-on-white,Tusayan White Ware,1,1,bichrome,0,0,1040,1210,1,1,0,Goetze and Mills 1993,,NA
1077,298,Tusayan Black-on-white,Tusayan White Ware,0,1,bichrome,0,0,1200,1300,1,1,0,Ambler 1985; Christenson and Bender 1985; Colton 1955; Dean 1991,,NA
1078,877,"Tusayan BMIII/PI White Ware, Type Undifferentiated",Tusayan White Ware,0,0,bichrome,0,0,600,900,1,0,0,,,NA
1087,838,"Tusayan PI White Ware, Type Undifferentiated",Tusayan White Ware,0,0,bichrome,0,0,800,900,1,0,0,,,NA
1088,840,"Tusayan PI/PII White Ware, Type Undifferentiated",Tusayan White Ware,0,0,bichrome,0,0,800,1100,1,0,0,,,NA
1089,841,"Tusayan PII White Ware, Type Undifferentiated",Tusayan White Ware,0,0,bichrome,0,0,900,1100,1,0,0,,,NA
1090,842,"Tusayan PII/PIII White Ware, Type Undifferentiated",Tusayan White Ware,0,0,bichrome,0,0,900,1300,1,0,0,,,NA
1091,843,"Tusayan PIII White Ware, Type Undifferentiated",Tusayan White Ware,0,0,bichrome,0,0,1100,1300,1,0,0,,,NA
1094,360,"Tusayan White Ware, Undifferentiated",Tusayan White Ware,0,0,bichrome,0,0,825,1300,0,0,0,,,NA
1097,638,Tusayan/Kayenta Black-on-white,Tusayan White Ware,0,1,bichrome,0,0,1200,1300,1,1,0,see pure types,,NA
1131,1156,Virgin Black-on-white,Tusayan White Ware,0,1,bichrome,0,0,1150,1225,1,1,NA,,,0
1132,1157,Walhalla Black-on-white,Tusayan White Ware,0,1,bichrome,0,0,950,1150,1,1,NA,,,0
1138,200,Wepo Black-on-white,Tusayan White Ware,0,1,bichrome,0,0,930,1050,1,1,0,Gummerman 1972,,NA
1153,1158,Wide Ruin Black-on-white,Tusayan White Ware,0,1,bichrome,0,0,1250,1300,1,1,NA,,,0
1181,209,Wupatki Black-on-white,Tusayan White Ware,0,1,bichrome,0,0,1125,1300,1,1,0,Colton and Hargrave 1937; Colton 1955,,NA
32,821,Arboles Black-on-white,Upper San Juan White Ware,0,1,bichrome,0,0,950,1050,1,1,0,Reed and Goff 2007,,NA
47,629,Bancos Black-on-white,Upper San Juan White Ware,0,1,bichrome,0,0,825,1000,1,1,0,Reed and Goff 2007,,NA
303,86,Gallina Black-on-white,Upper San Juan White Ware,0,1,bichrome,0,0,1050,1300,1,1,0,Mera 1935; Wilkinson 1958; Dittert and Plog 1980,,NA
845,820,Rosa Black-on-white,Upper San Juan White Ware,0,1,bichrome,0,0,700,875,1,1,0,Reed and Goff 2007,,NA
1115,864,"Upper San Juan White Ware, Undifferentiated",Upper San Juan White Ware,0,0,bichrome,0,0,700,1300,0,0,0,Reed and Goff 2007,,NA
1147,704,"White Mountain type, undifferentiated",White Mountain Red Ware,0,0,undifferentiated dec,1,0,1000,1450,0,0,0,Hays-Gilpin and Van Hartesveldt 1998,,NA
64,23,Black Ax Polychrome,Winslow Orange Ware,0,1,polychrome,1,0,1300,1400,1,1,0,Colton and Hargrave 1937,,NA
115,44,Chavez Pass Black-on-red,Winslow Orange Ware,0,1,bichrome,1,0,1275,1350,1,1,0,Colton 1956,,NA
117,45,Chavez Pass Polychrome,Winslow Orange Ware,0,1,polychrome,1,0,1300,1400,1,1,0,Colton and Hargrave 1937,,NA
367,101,Homolovi Black-on-red,Winslow Orange Ware,0,1,bichrome,1,0,1300,1400,1,1,0,Colton and Hargrave 1937,,NA
373,102,Homolovi Polychrome,Winslow Orange Ware,0,1,polychrome,0,0,1300,1400,1,1,0,Mera 1934; Colton and Hargrave 1937,,NA
1099,299,Tuwiuca Black-on-orange,Winslow Orange Ware,0,1,bichrome,0,0,1250,1300,1,1,0,Colton and Hargrave 1937,,NA
1101,942,Tuwiuca White-on-Red,Winslow Orange Ware,0,1,bichrome,1,0,1250,1300,1,1,NA,,,0
1170,707,"Winslow Black-on-Orange or Polychrome, Petrified Forest, Undifferentiated",Winslow Orange Ware,0,1,undifferentiated dec,0,0,1250,1400,1,1,0,Schachner 2012,Puerco Ridge Archaeological Survey type name,NA
1171,1161,Winslow Orange Ware,Winslow Orange Ware,0,1,undifferentiated dec,0,0,1250,1400,1,1,NA,,,0
1175,876,"Winslow Polychrome, Undifferentiated",Winslow Orange Ware,0,1,polychrome,1,0,1300,1400,1,1,0,,,NA
346,97,Heshotauthla Black-on-red,Zuni Glaze Ware,0,1,bichrome,1,0,1275,1450,1,1,0,Eckert 2006,,NA
347,533,Heshotauthla Black-on-red or Polychrome,Zuni Glaze Ware,0,1,polychrome,1,0,1275,1450,1,1,0,Carlson 1970,,NA
348,98,Heshotauthla Polychrome,Zuni Glaze Ware,0,1,polychrome,1,0,1275,1450,1,1,0,Eckert 2006,,NA
422,126,Kechipawan Polychrome,Zuni Glaze Ware,0,1,polychrome,0,0,1370,1450,1,1,0,Dittert and Plog 1980 (but see Kintigh 1985); Eckert 2006,,NA
462,140,Kwakina Polychrome,Zuni Glaze Ware,0,1,polychrome,1,0,1280,1450,1,1,0,Dittert and Plog 1980 (but see Kintigh 1985); Eckert 2006,,NA
711,188,Pinnawa Glaze-on-white,Zuni Glaze Ware,0,1,bichrome,0,0,1350,1450,1,1,0,Dittert and Plog 1980 (but see Kintigh 1985),,NA
712,190,Pinnawa Red-on-white,Zuni Glaze Ware,0,1,bichrome,0,0,1325,1450,1,1,0,Eckert 2006,,NA
1148,703,"White Mountain type, Undifferentiated; Zuni Glaze",Zuni Glaze Ware,0,1,undifferentiated dec,1,0,1275,1450,1,1,0,,this type is based on a quantitative assessment of the proportion of identified types.,NA
1188,369,"Zuni Glaze Ware, Undifferentiated",Zuni Glaze Ware,0,1,bichrome,0,0,1275,1450,1,1,0,,,NA
38,13,Ashiwi Polychrome,Zuni Matte-Paint Ware,0,1,polychrome,0,0,1680,1750,1,1,0,Harlow 1973,,NA
360,571,"Historic Zuni type, Undifferentiated",Zuni Matte-Paint Ware,0,1,polychrome,0,0,1680,1900,1,1,0,Kintigh 1985,,NA
425,128,Kiapkwa Polychrome,Zuni Matte-Paint Ware,0,1,polychrome,0,0,1770,1800,1,1,0,Harlow 1973,,NA
1189,367,"Zuni Historic Black-on-red, Undifferentiated",Zuni Matte-Paint Ware,0,1,bichrome,1,0,1680,1900,1,1,0,,,NA
1190,371,"Zuni Historic Polychrome, Undifferentiated",Zuni Matte-Paint Ware,0,1,polychrome,0,0,1680,1900,1,1,0,,,NA
1191,213,Zuni Late Historic Polychrome,Zuni Matte-Paint Ware,0,1,polychrome,0,0,1800,1900,1,1,0,Kintigh 1985,,NA
1112,537,Unnamed White-on-red,Zuni Red Ware,0,1,bichrome,1,0,1375,1450,1,1,0,Woodbury and Woodbury 1966,,NA
